{
  "type": "FeatureCollection",
  "features": [
    {
      "type": "Feature",
      "id": 1,
      "geometry": {
        "type": "Point",
        "coordinates": [
          -70.6968281,
          -33.547534
        ]
      },
      "properties": {
        "objectid": 1,
        "descripcio": "PORTICO 8 (SUR)",
        "nombre": "PORTICO 8 (SUR)",
        "contrato": "Sistema Norte-Sur",
        "autopista": "Autopista Central",
        "tramo": "",
        "sentido": "",
        "descripcion_original": "",
        "tipo_peaje": "Pórtico",
        "fuente": "PORTICOS.kml (fuente original)"
      }
    },
    {
      "type": "Feature",
      "id": 2,
      "geometry": {
        "type": "Point",
        "coordinates": [
          -70.710627,
          -33.5588603
        ]
      },
      "properties": {
        "objectid": 2,
        "descripcio": "PORTICO 32 (SUR)",
        "nombre": "PORTICO 32 (SUR)",
        "contrato": "Sistema Norte-Sur",
        "autopista": "Autopista Central",
        "tramo": "",
        "sentido": "",
        "descripcion_original": "",
        "tipo_peaje": "Pórtico",
        "fuente": "PORTICOS.kml (fuente original)"
      }
    },
    {
      "type": "Feature",
      "id": 3,
      "geometry": {
        "type": "Point",
        "coordinates": [
          -70.7118941,
          -33.5680028
        ]
      },
      "properties": {
        "objectid": 3,
        "descripcio": "PORTICO 6 (SUR)",
        "nombre": "PORTICO 6 (SUR)",
        "contrato": "Sistema Norte-Sur",
        "autopista": "Autopista Central",
        "tramo": "",
        "sentido": "",
        "descripcion_original": "",
        "tipo_peaje": "Pórtico",
        "fuente": "PORTICOS.kml (fuente original)"
      }
    },
    {
      "type": "Feature",
      "id": 4,
      "geometry": {
        "type": "Point",
        "coordinates": [
          -70.7139968,
          -33.5823516
        ]
      },
      "properties": {
        "objectid": 4,
        "descripcio": "PORTICO 37 (SUR)",
        "nombre": "PORTICO 37 (SUR)",
        "contrato": "Sistema Norte-Sur",
        "autopista": "Autopista Central",
        "tramo": "",
        "sentido": "",
        "descripcion_original": "",
        "tipo_peaje": "Pórtico",
        "fuente": "PORTICOS.kml (fuente original)"
      }
    },
    {
      "type": "Feature",
      "id": 5,
      "geometry": {
        "type": "Point",
        "coordinates": [
          -70.7148898,
          -33.6219622
        ]
      },
      "properties": {
        "objectid": 5,
        "descripcio": "PORTICO 4 (SUR)",
        "nombre": "PORTICO 4 (SUR)",
        "contrato": "Sistema Norte-Sur",
        "autopista": "Autopista Central",
        "tramo": "",
        "sentido": "",
        "descripcion_original": "",
        "tipo_peaje": "Pórtico",
        "fuente": "PORTICOS.kml (fuente original)"
      }
    },
    {
      "type": "Feature",
      "id": 6,
      "geometry": {
        "type": "Point",
        "coordinates": [
          -70.7145727,
          -33.6226669
        ]
      },
      "properties": {
        "objectid": 6,
        "descripcio": "PORTICO 3 (NORTE)",
        "nombre": "PORTICO 3 (NORTE)",
        "contrato": "Sistema Norte-Sur",
        "autopista": "Autopista Central",
        "tramo": "",
        "sentido": "",
        "descripcion_original": "",
        "tipo_peaje": "Pórtico",
        "fuente": "PORTICOS.kml (fuente original)"
      }
    },
    {
      "type": "Feature",
      "id": 7,
      "geometry": {
        "type": "Point",
        "coordinates": [
          -70.7117407,
          -33.5681721
        ]
      },
      "properties": {
        "objectid": 7,
        "descripcio": "PORTICO 5 (NORTE)",
        "nombre": "PORTICO 5 (NORTE)",
        "contrato": "Sistema Norte-Sur",
        "autopista": "Autopista Central",
        "tramo": "",
        "sentido": "",
        "descripcion_original": "",
        "tipo_peaje": "Pórtico",
        "fuente": "PORTICOS.kml (fuente original)"
      }
    },
    {
      "type": "Feature",
      "id": 8,
      "geometry": {
        "type": "Point",
        "coordinates": [
          -70.6969278,
          -33.5478723
        ]
      },
      "properties": {
        "objectid": 8,
        "descripcio": "PORTICO 7 (NORTE)",
        "nombre": "PORTICO 7 (NORTE)",
        "contrato": "Sistema Norte-Sur",
        "autopista": "Autopista Central",
        "tramo": "",
        "sentido": "",
        "descripcion_original": "",
        "tipo_peaje": "Pórtico",
        "fuente": "PORTICOS.kml (fuente original)"
      }
    },
    {
      "type": "Feature",
      "id": 9,
      "geometry": {
        "type": "Point",
        "coordinates": [
          -70.6692743,
          -33.5072511
        ]
      },
      "properties": {
        "objectid": 9,
        "descripcio": "PORTICO 30 (NORTE)",
        "nombre": "PORTICO 30 (NORTE)",
        "contrato": "Sistema Norte-Sur",
        "autopista": "Autopista Central",
        "tramo": "",
        "sentido": "",
        "descripcion_original": "",
        "tipo_peaje": "Pórtico",
        "fuente": "PORTICOS.kml (fuente original)"
      }
    },
    {
      "type": "Feature",
      "id": 10,
      "geometry": {
        "type": "Point",
        "coordinates": [
          -70.6562032,
          -33.468988
        ]
      },
      "properties": {
        "objectid": 10,
        "descripcio": "PORTICO 31 (NORTE)",
        "nombre": "PORTICO 31 (NORTE)",
        "contrato": "Sistema Norte-Sur",
        "autopista": "Autopista Central",
        "tramo": "",
        "sentido": "",
        "descripcion_original": "",
        "tipo_peaje": "Pórtico",
        "fuente": "PORTICOS.kml (fuente original)"
      }
    },
    {
      "type": "Feature",
      "id": 11,
      "geometry": {
        "type": "Point",
        "coordinates": [
          -70.6595834,
          -33.4489275
        ]
      },
      "properties": {
        "objectid": 11,
        "descripcio": "PORTICO 13 (NORTE)",
        "nombre": "PORTICO 13 (NORTE)",
        "contrato": "Sistema Norte-Sur",
        "autopista": "Autopista Central",
        "tramo": "",
        "sentido": "",
        "descripcion_original": "",
        "tipo_peaje": "Pórtico",
        "fuente": "PORTICOS.kml (fuente original)"
      }
    },
    {
      "type": "Feature",
      "id": 12,
      "geometry": {
        "type": "Point",
        "coordinates": [
          -70.6787225,
          -33.4171846
        ]
      },
      "properties": {
        "objectid": 12,
        "descripcio": "PORTICO 16 (NORTE)",
        "nombre": "PORTICO 16 (NORTE)",
        "contrato": "Sistema Norte-Sur",
        "autopista": "Autopista Central",
        "tramo": "",
        "sentido": "",
        "descripcion_original": "",
        "tipo_peaje": "Pórtico",
        "fuente": "PORTICOS.kml (fuente original)"
      }
    },
    {
      "type": "Feature",
      "id": 13,
      "geometry": {
        "type": "Point",
        "coordinates": [
          -70.6991031,
          -33.3685696
        ]
      },
      "properties": {
        "objectid": 13,
        "descripcio": "PORTICO 17 (NORTE)",
        "nombre": "PORTICO 17 (NORTE)",
        "contrato": "Sistema Norte-Sur",
        "autopista": "Autopista Central",
        "tramo": "",
        "sentido": "",
        "descripcion_original": "",
        "tipo_peaje": "Pórtico",
        "fuente": "PORTICOS.kml (fuente original)"
      }
    },
    {
      "type": "Feature",
      "id": 14,
      "geometry": {
        "type": "Point",
        "coordinates": [
          -70.699444,
          -33.3682901
        ]
      },
      "properties": {
        "objectid": 14,
        "descripcio": "PORTICO 18 (SUR)",
        "nombre": "PORTICO 18 (SUR)",
        "contrato": "Sistema Norte-Sur",
        "autopista": "Autopista Central",
        "tramo": "",
        "sentido": "",
        "descripcion_original": "",
        "tipo_peaje": "Pórtico",
        "fuente": "PORTICOS.kml (fuente original)"
      }
    },
    {
      "type": "Feature",
      "id": 15,
      "geometry": {
        "type": "Point",
        "coordinates": [
          -70.6688866,
          -33.426561
        ]
      },
      "properties": {
        "objectid": 15,
        "descripcio": "PORTICO 15 (SUR)",
        "nombre": "PORTICO 15 (SUR)",
        "contrato": "Sistema Norte-Sur",
        "autopista": "Autopista Central",
        "tramo": "",
        "sentido": "",
        "descripcion_original": "",
        "tipo_peaje": "Pórtico",
        "fuente": "PORTICOS.kml (fuente original)"
      }
    },
    {
      "type": "Feature",
      "id": 16,
      "geometry": {
        "type": "Point",
        "coordinates": [
          -70.6600589,
          -33.4483978
        ]
      },
      "properties": {
        "objectid": 16,
        "descripcio": "PORTICO 14 (SUR)",
        "nombre": "PORTICO 14 (SUR)",
        "contrato": "Sistema Norte-Sur",
        "autopista": "Autopista Central",
        "tramo": "",
        "sentido": "",
        "descripcion_original": "",
        "tipo_peaje": "Pórtico",
        "fuente": "PORTICOS.kml (fuente original)"
      }
    },
    {
      "type": "Feature",
      "id": 17,
      "geometry": {
        "type": "Point",
        "coordinates": [
          -70.6638797,
          -33.4953181
        ]
      },
      "properties": {
        "objectid": 17,
        "descripcio": "PORTICO 11 (SUR)",
        "nombre": "PORTICO 11 (SUR)",
        "contrato": "Sistema Norte-Sur",
        "autopista": "Autopista Central",
        "tramo": "",
        "sentido": "",
        "descripcion_original": "",
        "tipo_peaje": "Pórtico",
        "fuente": "PORTICOS.kml (fuente original)"
      }
    },
    {
      "type": "Feature",
      "id": 18,
      "geometry": {
        "type": "Point",
        "coordinates": [
          -70.674008,
          -33.5166538
        ]
      },
      "properties": {
        "objectid": 18,
        "descripcio": "PORTICO 9 (SUR)",
        "nombre": "PORTICO 9 (SUR)",
        "contrato": "Sistema Norte-Sur",
        "autopista": "Autopista Central",
        "tramo": "",
        "sentido": "",
        "descripcion_original": "",
        "tipo_peaje": "Pórtico",
        "fuente": "PORTICOS.kml (fuente original)"
      }
    },
    {
      "type": "Feature",
      "id": 19,
      "geometry": {
        "type": "Point",
        "coordinates": [
          -70.656569,
          -33.4688294
        ]
      },
      "properties": {
        "objectid": 19,
        "descripcio": "PORTICO 12 (SUR)",
        "nombre": "PORTICO 12 (SUR)",
        "contrato": "Sistema Norte-Sur",
        "autopista": "Autopista Central",
        "tramo": "",
        "sentido": "",
        "descripcion_original": "",
        "tipo_peaje": "Pórtico",
        "fuente": "PORTICOS.kml (fuente original)"
      }
    },
    {
      "type": "Feature",
      "id": 20,
      "geometry": {
        "type": "Point",
        "coordinates": [
          -70.7250293,
          -33.6778785
        ]
      },
      "properties": {
        "objectid": 20,
        "descripcio": "PORTICO 1 (SUR)",
        "nombre": "PORTICO 1 (SUR)",
        "contrato": "Sistema Norte-Sur",
        "autopista": "Autopista Central",
        "tramo": "",
        "sentido": "",
        "descripcion_original": "",
        "tipo_peaje": "Pórtico",
        "fuente": "PORTICOS.kml (fuente original)"
      }
    },
    {
      "type": "Feature",
      "id": 21,
      "geometry": {
        "type": "Point",
        "coordinates": [
          -70.6955587,
          -33.3822059
        ]
      },
      "properties": {
        "objectid": 21,
        "descripcio": "PORTICO 28 (NORTE)",
        "nombre": "PORTICO 28 (NORTE)",
        "contrato": "Sistema Norte-Sur",
        "autopista": "Autopista Central",
        "tramo": "",
        "sentido": "",
        "descripcion_original": "",
        "tipo_peaje": "Pórtico",
        "fuente": "PORTICOS.kml (fuente original)"
      }
    },
    {
      "type": "Feature",
      "id": 22,
      "geometry": {
        "type": "Point",
        "coordinates": [
          -70.6954862,
          -33.3818689
        ]
      },
      "properties": {
        "objectid": 22,
        "descripcio": "PORTICO 29 (SUR)",
        "nombre": "PORTICO 29 (SUR)",
        "contrato": "Sistema Norte-Sur",
        "autopista": "Autopista Central",
        "tramo": "",
        "sentido": "",
        "descripcion_original": "",
        "tipo_peaje": "Pórtico",
        "fuente": "PORTICOS.kml (fuente original)"
      }
    },
    {
      "type": "Feature",
      "id": 23,
      "geometry": {
        "type": "Point",
        "coordinates": [
          -70.6920548,
          -33.4465887
        ]
      },
      "properties": {
        "objectid": 23,
        "descripcio": "PORTICO 25 (NORTE)",
        "nombre": "PORTICO 25 (NORTE)",
        "contrato": "Sistema Norte-Sur",
        "autopista": "Autopista Central",
        "tramo": "",
        "sentido": "",
        "descripcion_original": "",
        "tipo_peaje": "Pórtico",
        "fuente": "PORTICOS.kml (fuente original)"
      }
    },
    {
      "type": "Feature",
      "id": 24,
      "geometry": {
        "type": "Point",
        "coordinates": [
          -70.692289,
          -33.4474164
        ]
      },
      "properties": {
        "objectid": 24,
        "descripcio": "PORTICO 26 (SUR)",
        "nombre": "PORTICO 26 (SUR)",
        "contrato": "Sistema Norte-Sur",
        "autopista": "Autopista Central",
        "tramo": "",
        "sentido": "",
        "descripcion_original": "",
        "tipo_peaje": "Pórtico",
        "fuente": "PORTICOS.kml (fuente original)"
      }
    },
    {
      "type": "Feature",
      "id": 25,
      "geometry": {
        "type": "Point",
        "coordinates": [
          -70.6880958,
          -33.4690398
        ]
      },
      "properties": {
        "objectid": 25,
        "descripcio": "PORTICO 23 (NORTE)",
        "nombre": "PORTICO 23 (NORTE)",
        "contrato": "Sistema Norte-Sur",
        "autopista": "Autopista Central",
        "tramo": "",
        "sentido": "",
        "descripcion_original": "",
        "tipo_peaje": "Pórtico",
        "fuente": "PORTICOS.kml (fuente original)"
      }
    },
    {
      "type": "Feature",
      "id": 26,
      "geometry": {
        "type": "Point",
        "coordinates": [
          -70.6882314,
          -33.4698066
        ]
      },
      "properties": {
        "objectid": 26,
        "descripcio": "PORTICO 24 (SUR)",
        "nombre": "PORTICO 24 (SUR)",
        "contrato": "Sistema Norte-Sur",
        "autopista": "Autopista Central",
        "tramo": "",
        "sentido": "",
        "descripcion_original": "",
        "tipo_peaje": "Pórtico",
        "fuente": "PORTICOS.kml (fuente original)"
      }
    },
    {
      "type": "Feature",
      "id": 27,
      "geometry": {
        "type": "Point",
        "coordinates": [
          -70.6972245,
          -33.5063799
        ]
      },
      "properties": {
        "objectid": 27,
        "descripcio": "PORTICO 21 (NORTE)",
        "nombre": "PORTICO 21 (NORTE)",
        "contrato": "Sistema Norte-Sur",
        "autopista": "Autopista Central",
        "tramo": "",
        "sentido": "",
        "descripcion_original": "",
        "tipo_peaje": "Pórtico",
        "fuente": "PORTICOS.kml (fuente original)"
      }
    },
    {
      "type": "Feature",
      "id": 28,
      "geometry": {
        "type": "Point",
        "coordinates": [
          -70.6970071,
          -33.505581
        ]
      },
      "properties": {
        "objectid": 28,
        "descripcio": "PORTICO 22 (SUR)",
        "nombre": "PORTICO 22 (SUR)",
        "contrato": "Sistema Norte-Sur",
        "autopista": "Autopista Central",
        "tramo": "",
        "sentido": "",
        "descripcion_original": "",
        "tipo_peaje": "Pórtico",
        "fuente": "PORTICOS.kml (fuente original)"
      }
    },
    {
      "type": "Feature",
      "id": 29,
      "geometry": {
        "type": "Point",
        "coordinates": [
          -70.7076586,
          -33.5364597
        ]
      },
      "properties": {
        "objectid": 29,
        "descripcio": "PORTICO 20 (SUR)",
        "nombre": "PORTICO 20 (SUR)",
        "contrato": "Sistema Norte-Sur",
        "autopista": "Autopista Central",
        "tramo": "",
        "sentido": "",
        "descripcion_original": "",
        "tipo_peaje": "Pórtico",
        "fuente": "PORTICOS.kml (fuente original)"
      }
    },
    {
      "type": "Feature",
      "id": 30,
      "geometry": {
        "type": "Point",
        "coordinates": [
          -70.7115832,
          -33.6473051
        ]
      },
      "properties": {
        "objectid": 30,
        "descripcio": "PORTICO 2 (NORTE)",
        "nombre": "PORTICO 2 (NORTE)",
        "contrato": "Sistema Norte-Sur",
        "autopista": "Autopista Central",
        "tramo": "",
        "sentido": "",
        "descripcion_original": "",
        "tipo_peaje": "Pórtico",
        "fuente": "PORTICOS.kml (fuente original)"
      }
    },
    {
      "type": "Feature",
      "id": 31,
      "geometry": {
        "type": "Point",
        "coordinates": [
          -70.7090476,
          -33.5513815
        ]
      },
      "properties": {
        "objectid": 31,
        "descripcio": "PORTICO 19 (NORTE)",
        "nombre": "PORTICO 19 (NORTE)",
        "contrato": "Sistema Norte-Sur",
        "autopista": "Autopista Central",
        "tramo": "",
        "sentido": "",
        "descripcion_original": "",
        "tipo_peaje": "Pórtico",
        "fuente": "PORTICOS.kml (fuente original)"
      }
    },
    {
      "type": "Feature",
      "id": 32,
      "geometry": {
        "type": "Point",
        "coordinates": [
          -70.6638353,
          -33.495617
        ]
      },
      "properties": {
        "objectid": 32,
        "descripcio": "PORTICO 10 (NORTE)",
        "nombre": "PORTICO 10 (NORTE)",
        "contrato": "Sistema Norte-Sur",
        "autopista": "Autopista Central",
        "tramo": "",
        "sentido": "",
        "descripcion_original": "",
        "tipo_peaje": "Pórtico",
        "fuente": "PORTICOS.kml (fuente original)"
      }
    },
    {
      "type": "Feature",
      "id": 33,
      "geometry": {
        "type": "Point",
        "coordinates": [
          -70.7909352,
          -33.4180975
        ]
      },
      "properties": {
        "objectid": 33,
        "descripcio": "PORTICO 9 (ORIENTE)",
        "nombre": "PORTICO 9 (ORIENTE)",
        "contrato": "Costanera Norte",
        "autopista": "Costanera Norte",
        "tramo": "",
        "sentido": "",
        "descripcion_original": "",
        "tipo_peaje": "Pórtico",
        "fuente": "PORTICOS.kml (fuente original)"
      }
    },
    {
      "type": "Feature",
      "id": 34,
      "geometry": {
        "type": "Point",
        "coordinates": [
          -70.7908172,
          -33.4178468
        ]
      },
      "properties": {
        "objectid": 34,
        "descripcio": "PORTICO 9 (PONIENTE)",
        "nombre": "PORTICO 9 (PONIENTE)",
        "contrato": "Costanera Norte",
        "autopista": "Costanera Norte",
        "tramo": "",
        "sentido": "",
        "descripcion_original": "",
        "tipo_peaje": "Pórtico",
        "fuente": "PORTICOS.kml (fuente original)"
      }
    },
    {
      "type": "Feature",
      "id": 35,
      "geometry": {
        "type": "Point",
        "coordinates": [
          -70.7666584,
          -33.4130888
        ]
      },
      "properties": {
        "objectid": 35,
        "descripcio": "PORTICO 6.2 (ORIENTE)",
        "nombre": "PORTICO 6.2 (ORIENTE)",
        "contrato": "Costanera Norte",
        "autopista": "Costanera Norte",
        "tramo": "",
        "sentido": "",
        "descripcion_original": "",
        "tipo_peaje": "Pórtico",
        "fuente": "PORTICOS.kml (fuente original)"
      }
    },
    {
      "type": "Feature",
      "id": 36,
      "geometry": {
        "type": "Point",
        "coordinates": [
          -70.7663647,
          -33.4129511
        ]
      },
      "properties": {
        "objectid": 36,
        "descripcio": "PORTICO 6.2 (PONIENTE)",
        "nombre": "PORTICO 6.2 (PONIENTE)",
        "contrato": "Costanera Norte",
        "autopista": "Costanera Norte",
        "tramo": "",
        "sentido": "",
        "descripcion_original": "",
        "tipo_peaje": "Pórtico",
        "fuente": "PORTICOS.kml (fuente original)"
      }
    },
    {
      "type": "Feature",
      "id": 37,
      "geometry": {
        "type": "Point",
        "coordinates": [
          -70.7395378,
          -33.4118201
        ]
      },
      "properties": {
        "objectid": 37,
        "descripcio": "PORTICO 6.1 (ORIENTE)",
        "nombre": "PORTICO 6.1 (ORIENTE)",
        "contrato": "Costanera Norte",
        "autopista": "Costanera Norte",
        "tramo": "",
        "sentido": "",
        "descripcion_original": "",
        "tipo_peaje": "Pórtico",
        "fuente": "PORTICOS.kml (fuente original)"
      }
    },
    {
      "type": "Feature",
      "id": 38,
      "geometry": {
        "type": "Point",
        "coordinates": [
          -70.7395445,
          -33.411669
        ]
      },
      "properties": {
        "objectid": 38,
        "descripcio": "PORTICO 6.1 (PONIENTE)",
        "nombre": "PORTICO 6.1 (PONIENTE)",
        "contrato": "Costanera Norte",
        "autopista": "Costanera Norte",
        "tramo": "",
        "sentido": "",
        "descripcion_original": "",
        "tipo_peaje": "Pórtico",
        "fuente": "PORTICOS.kml (fuente original)"
      }
    },
    {
      "type": "Feature",
      "id": 39,
      "geometry": {
        "type": "Point",
        "coordinates": [
          -70.6701851,
          -33.4264177
        ]
      },
      "properties": {
        "objectid": 39,
        "descripcio": "PORTICO 5 (ORIENTE)",
        "nombre": "PORTICO 5 (ORIENTE)",
        "contrato": "Costanera Norte",
        "autopista": "Costanera Norte",
        "tramo": "",
        "sentido": "",
        "descripcion_original": "",
        "tipo_peaje": "Pórtico",
        "fuente": "PORTICOS.kml (fuente original)"
      }
    },
    {
      "type": "Feature",
      "id": 40,
      "geometry": {
        "type": "Point",
        "coordinates": [
          -70.6698424,
          -33.4263869
        ]
      },
      "properties": {
        "objectid": 40,
        "descripcio": "PORTICO 5 (PONIENTE)",
        "nombre": "PORTICO 5 (PONIENTE)",
        "contrato": "Costanera Norte",
        "autopista": "Costanera Norte",
        "tramo": "",
        "sentido": "",
        "descripcion_original": "",
        "tipo_peaje": "Pórtico",
        "fuente": "PORTICOS.kml (fuente original)"
      }
    },
    {
      "type": "Feature",
      "id": 41,
      "geometry": {
        "type": "Point",
        "coordinates": [
          -70.6579962,
          -33.4302429
        ]
      },
      "properties": {
        "objectid": 41,
        "descripcio": "PORTICO 4 (ORIENTE)",
        "nombre": "PORTICO 4 (ORIENTE)",
        "contrato": "Costanera Norte",
        "autopista": "Costanera Norte",
        "tramo": "",
        "sentido": "",
        "descripcion_original": "",
        "tipo_peaje": "Pórtico",
        "fuente": "PORTICOS.kml (fuente original)"
      }
    },
    {
      "type": "Feature",
      "id": 42,
      "geometry": {
        "type": "Point",
        "coordinates": [
          -70.6572349,
          -33.430254
        ]
      },
      "properties": {
        "objectid": 42,
        "descripcio": "PORTICO EV (ENTRADA VIVACETA)",
        "nombre": "PORTICO EV (ENTRADA VIVACETA)",
        "contrato": "Costanera Norte",
        "autopista": "Costanera Norte",
        "tramo": "",
        "sentido": "",
        "descripcion_original": "",
        "tipo_peaje": "Pórtico",
        "fuente": "PORTICOS.kml (fuente original)"
      }
    },
    {
      "type": "Feature",
      "id": 43,
      "geometry": {
        "type": "Point",
        "coordinates": [
          -70.6394911,
          -33.4346384
        ]
      },
      "properties": {
        "objectid": 43,
        "descripcio": "PORTICO EP (ENTRADA PURISIMA)",
        "nombre": "PORTICO EP (ENTRADA PURISIMA)",
        "contrato": "Costanera Norte",
        "autopista": "Costanera Norte",
        "tramo": "",
        "sentido": "",
        "descripcion_original": "",
        "tipo_peaje": "Pórtico",
        "fuente": "PORTICOS.kml (fuente original)"
      }
    },
    {
      "type": "Feature",
      "id": 44,
      "geometry": {
        "type": "Point",
        "coordinates": [
          -70.6218399,
          -33.4241104
        ]
      },
      "properties": {
        "objectid": 44,
        "descripcio": "PORTICO 3 (ORIENTE)",
        "nombre": "PORTICO 3 (ORIENTE)",
        "contrato": "Costanera Norte",
        "autopista": "Costanera Norte",
        "tramo": "",
        "sentido": "",
        "descripcion_original": "",
        "tipo_peaje": "Pórtico",
        "fuente": "PORTICOS.kml (fuente original)"
      }
    },
    {
      "type": "Feature",
      "id": 45,
      "geometry": {
        "type": "Point",
        "coordinates": [
          -70.6219418,
          -33.4239772
        ]
      },
      "properties": {
        "objectid": 45,
        "descripcio": "PORTICO 3 (PONIENTE)",
        "nombre": "PORTICO 3 (PONIENTE)",
        "contrato": "Costanera Norte",
        "autopista": "Costanera Norte",
        "tramo": "",
        "sentido": "",
        "descripcion_original": "",
        "tipo_peaje": "Pórtico",
        "fuente": "PORTICOS.kml (fuente original)"
      }
    },
    {
      "type": "Feature",
      "id": 46,
      "geometry": {
        "type": "Point",
        "coordinates": [
          -70.5925722,
          -33.3846784
        ]
      },
      "properties": {
        "objectid": 46,
        "descripcio": "PORTICO 2.1 (ORIENTE)",
        "nombre": "PORTICO 2.1 (ORIENTE)",
        "contrato": "Costanera Norte",
        "autopista": "Costanera Norte",
        "tramo": "",
        "sentido": "",
        "descripcion_original": "",
        "tipo_peaje": "Pórtico",
        "fuente": "PORTICOS.kml (fuente original)"
      }
    },
    {
      "type": "Feature",
      "id": 47,
      "geometry": {
        "type": "Point",
        "coordinates": [
          -70.5926869,
          -33.3845743
        ]
      },
      "properties": {
        "objectid": 47,
        "descripcio": "PORTICO 2.1 (PONIENTE)",
        "nombre": "PORTICO 2.1 (PONIENTE)",
        "contrato": "Costanera Norte",
        "autopista": "Costanera Norte",
        "tramo": "",
        "sentido": "",
        "descripcion_original": "",
        "tipo_peaje": "Pórtico",
        "fuente": "PORTICOS.kml (fuente original)"
      }
    },
    {
      "type": "Feature",
      "id": 48,
      "geometry": {
        "type": "Point",
        "coordinates": [
          -70.5426265,
          -33.3757679
        ]
      },
      "properties": {
        "objectid": 48,
        "descripcio": "PORTICO 1 (PONIENTE)",
        "nombre": "PORTICO 1 (PONIENTE)",
        "contrato": "Costanera Norte",
        "autopista": "Costanera Norte",
        "tramo": "",
        "sentido": "",
        "descripcion_original": "",
        "tipo_peaje": "Pórtico",
        "fuente": "PORTICOS.kml (fuente original)"
      }
    },
    {
      "type": "Feature",
      "id": 49,
      "geometry": {
        "type": "Point",
        "coordinates": [
          -70.5430764,
          -33.3757158
        ]
      },
      "properties": {
        "objectid": 49,
        "descripcio": "PORTICO 1 (ORIENTE)",
        "nombre": "PORTICO 1 (ORIENTE)",
        "contrato": "Costanera Norte",
        "autopista": "Costanera Norte",
        "tramo": "",
        "sentido": "",
        "descripcion_original": "",
        "tipo_peaje": "Pórtico",
        "fuente": "PORTICOS.kml (fuente original)"
      }
    },
    {
      "type": "Feature",
      "id": 50,
      "geometry": {
        "type": "Point",
        "coordinates": [
          -70.5429183,
          -33.3876583
        ]
      },
      "properties": {
        "objectid": 50,
        "descripcio": "PORTICO 7 (PONIENTE)",
        "nombre": "PORTICO 7 (PONIENTE)",
        "contrato": "Costanera Norte",
        "autopista": "Costanera Norte",
        "tramo": "",
        "sentido": "",
        "descripcion_original": "",
        "tipo_peaje": "Pórtico",
        "fuente": "PORTICOS.kml (fuente original)"
      }
    },
    {
      "type": "Feature",
      "id": 51,
      "geometry": {
        "type": "Point",
        "coordinates": [
          -70.5413759,
          -33.3872072
        ]
      },
      "properties": {
        "objectid": 51,
        "descripcio": "PORTICO 7 (ORIENTE)",
        "nombre": "PORTICO 7 (ORIENTE)",
        "contrato": "Costanera Norte",
        "autopista": "Costanera Norte",
        "tramo": "",
        "sentido": "",
        "descripcion_original": "",
        "tipo_peaje": "Pórtico",
        "fuente": "PORTICOS.kml (fuente original)"
      }
    },
    {
      "type": "Feature",
      "id": 52,
      "geometry": {
        "type": "Point",
        "coordinates": [
          -70.5225614,
          -33.3709675
        ]
      },
      "properties": {
        "objectid": 52,
        "descripcio": "PORTICO 0 (PONIENTE)",
        "nombre": "PORTICO 0 (PONIENTE)",
        "contrato": "Costanera Norte",
        "autopista": "Costanera Norte",
        "tramo": "",
        "sentido": "",
        "descripcion_original": "",
        "tipo_peaje": "Pórtico",
        "fuente": "PORTICOS.kml (fuente original)"
      }
    },
    {
      "type": "Feature",
      "id": 53,
      "geometry": {
        "type": "Point",
        "coordinates": [
          -70.5229033,
          -33.3712241
        ]
      },
      "properties": {
        "objectid": 53,
        "descripcio": "PORTICO 0 (ORIENTE)",
        "nombre": "PORTICO 0 (ORIENTE)",
        "contrato": "Costanera Norte",
        "autopista": "Costanera Norte",
        "tramo": "",
        "sentido": "",
        "descripcion_original": "",
        "tipo_peaje": "Pórtico",
        "fuente": "PORTICOS.kml (fuente original)"
      }
    },
    {
      "type": "Feature",
      "id": 54,
      "geometry": {
        "type": "Point",
        "coordinates": [
          -70.6197935,
          -33.4221378
        ]
      },
      "properties": {
        "objectid": 54,
        "descripcio": "PORTICO SB (SALIDA BELLAVISTA)",
        "nombre": "PORTICO SB (SALIDA BELLAVISTA)",
        "contrato": "Costanera Norte",
        "autopista": "Costanera Norte",
        "tramo": "SALIDA BELLAVISTA",
        "sentido": "ORIENTE - PONIENTE",
        "descripcion_original": "ORIENTE - PONIENTE | SALIDA BELLAVISTA",
        "tipo_peaje": "Pórtico",
        "fuente": "PORTICOS.kml (fuente original)"
      }
    },
    {
      "type": "Feature",
      "id": 55,
      "geometry": {
        "type": "Point",
        "coordinates": [
          -70.6043268,
          -33.4090835
        ]
      },
      "properties": {
        "objectid": 55,
        "descripcio": "PORTICO 8.0 (ORIENTE)",
        "nombre": "PORTICO 8.0 (ORIENTE)",
        "contrato": "Costanera Norte",
        "autopista": "Costanera Norte",
        "tramo": "",
        "sentido": "COSTANERA NORTE - LAS TRANQUERAS",
        "descripcion_original": "COSTANERA NORTE - LAS TRANQUERAS",
        "tipo_peaje": "Pórtico",
        "fuente": "PORTICOS.kml (fuente original)"
      }
    },
    {
      "type": "Feature",
      "id": 56,
      "geometry": {
        "type": "Point",
        "coordinates": [
          -70.6038665,
          -33.409041
        ]
      },
      "properties": {
        "objectid": 56,
        "descripcio": "PORTICO 8.1 (ORIENTE)",
        "nombre": "PORTICO 8.1 (ORIENTE)",
        "contrato": "Costanera Norte",
        "autopista": "Costanera Norte",
        "tramo": "",
        "sentido": "COSTANERA NORTE - LAS TRANQUERAS",
        "descripcion_original": "COSTANERA NORTE - LAS TRANQUERAS",
        "tipo_peaje": "Pórtico",
        "fuente": "PORTICOS.kml (fuente original)"
      }
    },
    {
      "type": "Feature",
      "id": 57,
      "geometry": {
        "type": "Point",
        "coordinates": [
          -70.6019238,
          -33.4084758
        ]
      },
      "properties": {
        "objectid": 57,
        "descripcio": "PORTICO 8.2 (ORIENTE)",
        "nombre": "PORTICO 8.2 (ORIENTE)",
        "contrato": "Costanera Norte",
        "autopista": "Costanera Norte",
        "tramo": "",
        "sentido": "COSTANERA NORTE - LAS TRANQUERAS",
        "descripcion_original": "COSTANERA NORTE - LAS TRANQUERAS",
        "tipo_peaje": "Pórtico",
        "fuente": "PORTICOS.kml (fuente original)"
      }
    },
    {
      "type": "Feature",
      "id": 58,
      "geometry": {
        "type": "Point",
        "coordinates": [
          -70.6022212,
          -33.4099875
        ]
      },
      "properties": {
        "objectid": 58,
        "descripcio": "PORTICO 8.3 (ORIENTE)",
        "nombre": "PORTICO 8.3 (ORIENTE)",
        "contrato": "Costanera Norte",
        "autopista": "Costanera Norte",
        "tramo": "",
        "sentido": "COSTANERA NORTE - LAS TRANQUERAS",
        "descripcion_original": "COSTANERA NORTE - LAS TRANQUERAS",
        "tipo_peaje": "Pórtico",
        "fuente": "PORTICOS.kml (fuente original)"
      }
    },
    {
      "type": "Feature",
      "id": 59,
      "geometry": {
        "type": "Point",
        "coordinates": [
          -70.5997139,
          -33.4081092
        ]
      },
      "properties": {
        "objectid": 59,
        "descripcio": "PORTICO 8.0 (PONIENTE)",
        "nombre": "PORTICO 8.0 (PONIENTE)",
        "contrato": "Costanera Norte",
        "autopista": "Costanera Norte",
        "tramo": "",
        "sentido": "LAS TRANQUERAS - COSTANERA NORTE",
        "descripcion_original": "LAS TRANQUERAS - COSTANERA NORTE",
        "tipo_peaje": "Pórtico",
        "fuente": "PORTICOS.kml (fuente original)"
      }
    },
    {
      "type": "Feature",
      "id": 60,
      "geometry": {
        "type": "Point",
        "coordinates": [
          -70.5997172,
          -33.4080101
        ]
      },
      "properties": {
        "objectid": 60,
        "descripcio": "PORTICO 8.1 (PONIENTE)",
        "nombre": "PORTICO 8.1 (PONIENTE)",
        "contrato": "Costanera Norte",
        "autopista": "Costanera Norte",
        "tramo": "",
        "sentido": "LAS TRANQUERAS - COSTANERA NORTE",
        "descripcion_original": "LAS TRANQUERAS - COSTANERA NORTE",
        "tipo_peaje": "Pórtico",
        "fuente": "PORTICOS.kml (fuente original)"
      }
    },
    {
      "type": "Feature",
      "id": 61,
      "geometry": {
        "type": "Point",
        "coordinates": [
          -70.6036741,
          -33.3948251
        ]
      },
      "properties": {
        "objectid": 61,
        "descripcio": "PORTICO 2.2",
        "nombre": "PORTICO 2.2",
        "contrato": "Costanera Norte",
        "autopista": "Costanera Norte",
        "tramo": "",
        "sentido": "",
        "descripcion_original": "",
        "tipo_peaje": "Pórtico",
        "fuente": "PORTICOS.kml (fuente original)"
      }
    },
    {
      "type": "Feature",
      "id": 62,
      "geometry": {
        "type": "Point",
        "coordinates": [
          -70.7232078,
          -33.4108516
        ]
      },
      "properties": {
        "objectid": 62,
        "descripcio": "PORTICO 27",
        "nombre": "PORTICO 27",
        "contrato": "Costanera Norte",
        "autopista": "Costanera Norte",
        "tramo": "",
        "sentido": "",
        "descripcion_original": "",
        "tipo_peaje": "Pórtico",
        "fuente": "PORTICOS.kml (fuente original)"
      }
    },
    {
      "type": "Feature",
      "id": 63,
      "geometry": {
        "type": "Point",
        "coordinates": [
          -70.7461999,
          -33.4113496
        ]
      },
      "properties": {
        "objectid": 63,
        "descripcio": "PORTICO 28",
        "nombre": "PORTICO 28",
        "contrato": "Costanera Norte",
        "autopista": "Costanera Norte",
        "tramo": "",
        "sentido": "",
        "descripcion_original": "",
        "tipo_peaje": "Pórtico",
        "fuente": "PORTICOS.kml (fuente original)"
      }
    },
    {
      "type": "Feature",
      "id": 64,
      "geometry": {
        "type": "Point",
        "coordinates": [
          -70.7467149,
          -33.412084
        ]
      },
      "properties": {
        "objectid": 64,
        "descripcio": "PORTICO 2",
        "nombre": "PORTICO 2",
        "contrato": "Costanera Norte",
        "autopista": "Costanera Norte",
        "tramo": "",
        "sentido": "",
        "descripcion_original": "",
        "tipo_peaje": "Pórtico",
        "fuente": "PORTICOS.kml (fuente original)"
      }
    },
    {
      "type": "Feature",
      "id": 65,
      "geometry": {
        "type": "Point",
        "coordinates": [
          -70.728514,
          -33.5058233
        ]
      },
      "properties": {
        "objectid": 65,
        "descripcio": "PORTICO 1.3",
        "nombre": "PORTICO 1.3",
        "contrato": "Vespucio Sur",
        "autopista": "Vespucio Sur",
        "tramo": "P1.3 2a Transversal - Camino a Melipilla (Longitud 5,30 Kms)",
        "sentido": "poniente-oriente",
        "descripcion_original": "P1.3 2a Transversal - Camino a Melipilla (Longitud 5,30 Kms) | Sentido poniente-oriente",
        "tipo_peaje": "Pórtico",
        "fuente": "PORTICOS.kml (fuente original)"
      }
    },
    {
      "type": "Feature",
      "id": 66,
      "geometry": {
        "type": "Point",
        "coordinates": [
          -70.712486,
          -33.516565
        ]
      },
      "properties": {
        "objectid": 66,
        "descripcio": "PORTICO 1.1",
        "nombre": "PORTICO 1.1",
        "contrato": "Vespucio Sur",
        "autopista": "Vespucio Sur",
        "tramo": "P1.1 General Velásquez - Ruta 78 (Longitud 5,30 Kms)",
        "sentido": "oriente-poniente",
        "descripcion_original": "P1.1 General Velásquez - Ruta 78 (Longitud 5,30 Kms) | Sentido oriente-poniente",
        "tipo_peaje": "Pórtico",
        "fuente": "PORTICOS.kml (fuente original)"
      }
    },
    {
      "type": "Feature",
      "id": 67,
      "geometry": {
        "type": "Point",
        "coordinates": [
          -70.6941694,
          -33.5262286
        ]
      },
      "properties": {
        "objectid": 67,
        "descripcio": "PORTICO 2.2",
        "nombre": "PORTICO 2.2",
        "contrato": "Vespucio Sur",
        "autopista": "Vespucio Sur",
        "tramo": "P2.2 Gral. Velásquez - Ruta 5 (Longitud 2,50 Kms)",
        "sentido": "poniente-oriente",
        "descripcion_original": "P2.2 Gral. Velásquez - Ruta 5 (Longitud 2,50 Kms) | Sentido poniente-oriente",
        "tipo_peaje": "Pórtico",
        "fuente": "PORTICOS.kml (fuente original)"
      }
    },
    {
      "type": "Feature",
      "id": 68,
      "geometry": {
        "type": "Point",
        "coordinates": [
          -70.6939669,
          -33.5260307
        ]
      },
      "properties": {
        "objectid": 68,
        "descripcio": "PORTICO 2.1",
        "nombre": "PORTICO 2.1",
        "contrato": "Vespucio Sur",
        "autopista": "Vespucio Sur",
        "tramo": "P2.1 Gral. Velásquez - Ruta 5",
        "sentido": "oriente-poniente",
        "descripcion_original": "P2.1 Gral. Velásquez - Ruta 5 | Sentido oriente-poniente",
        "tipo_peaje": "Pórtico",
        "fuente": "PORTICOS.kml (fuente original)"
      }
    },
    {
      "type": "Feature",
      "id": 69,
      "geometry": {
        "type": "Point",
        "coordinates": [
          -70.6763049,
          -33.5335823
        ]
      },
      "properties": {
        "objectid": 69,
        "descripcio": "PORTICO 3.3",
        "nombre": "PORTICO 3.3",
        "contrato": "Vespucio Sur",
        "autopista": "Vespucio Sur",
        "tramo": "P3. Ruta 5 - Gran Avenida",
        "sentido": "oriente-poniente",
        "descripcion_original": "P3. Ruta 5 - Gran Avenida | Sentido oriente-poniente",
        "tipo_peaje": "Pórtico",
        "fuente": "PORTICOS.kml (fuente original)"
      }
    },
    {
      "type": "Feature",
      "id": 70,
      "geometry": {
        "type": "Point",
        "coordinates": [
          -70.6765125,
          -33.5337734
        ]
      },
      "properties": {
        "objectid": 70,
        "descripcio": "PORTICO 3.4",
        "nombre": "PORTICO 3.4",
        "contrato": "Vespucio Sur",
        "autopista": "Vespucio Sur",
        "tramo": "P3.4 Ruta 5 - Gran Avenida (Longitud 1,20 Kms)",
        "sentido": "poniente-oriente",
        "descripcion_original": "P3.4 Ruta 5 - Gran Avenida (Longitud 1,20 Kms) | Sentido poniente-oriente",
        "tipo_peaje": "Pórtico",
        "fuente": "PORTICOS.kml (fuente original)"
      }
    },
    {
      "type": "Feature",
      "id": 71,
      "geometry": {
        "type": "Point",
        "coordinates": [
          -70.6529231,
          -33.5395967
        ]
      },
      "properties": {
        "objectid": 71,
        "descripcio": "PORTICO 3.1",
        "nombre": "PORTICO 3.1",
        "contrato": "Vespucio Sur",
        "autopista": "Vespucio Sur",
        "tramo": "P3.1 Santa Rosa - Gran Avenida (Longitud 3,31 Kms)",
        "sentido": "oriente-poniente",
        "descripcion_original": "P3.1 Santa Rosa - Gran Avenida (Longitud 3,31 Kms) | Sentido oriente-poniente",
        "tipo_peaje": "Pórtico",
        "fuente": "PORTICOS.kml (fuente original)"
      }
    },
    {
      "type": "Feature",
      "id": 72,
      "geometry": {
        "type": "Point",
        "coordinates": [
          -70.6531008,
          -33.5398018
        ]
      },
      "properties": {
        "objectid": 72,
        "descripcio": "PORTICO 3.2",
        "nombre": "PORTICO 3.2",
        "contrato": "Vespucio Sur",
        "autopista": "Vespucio Sur",
        "tramo": "P3.1 Santa Rosa - Gran Avenida",
        "sentido": "poniente-oriente",
        "descripcion_original": "P3.1 Santa Rosa - Gran Avenida | Sentido poniente-oriente",
        "tipo_peaje": "Pórtico",
        "fuente": "PORTICOS.kml (fuente original)"
      }
    },
    {
      "type": "Feature",
      "id": 73,
      "geometry": {
        "type": "Point",
        "coordinates": [
          -70.6151078,
          -33.5411528
        ]
      },
      "properties": {
        "objectid": 73,
        "descripcio": "PORTICO 4.3",
        "nombre": "PORTICO 4.3",
        "contrato": "Vespucio Sur",
        "autopista": "Vespucio Sur",
        "tramo": "P4.3 Coronel - Santa Julia (Longitud 0,45 Kms)",
        "sentido": "poniente-oriente",
        "descripcion_original": "P4.3 Coronel - Santa Julia (Longitud 0,45 Kms) | Sentido poniente-oriente",
        "tipo_peaje": "Pórtico",
        "fuente": "PORTICOS.kml (fuente original)"
      }
    },
    {
      "type": "Feature",
      "id": 74,
      "geometry": {
        "type": "Point",
        "coordinates": [
          -70.6047989,
          -33.5297462
        ]
      },
      "properties": {
        "objectid": 74,
        "descripcio": "PORTICO 4.1",
        "nombre": "PORTICO 4.1",
        "contrato": "Vespucio Sur",
        "autopista": "Vespucio Sur",
        "tramo": "P4.1 Gnmo. de Alderete - Santa Julia (Longitud 3,10 Kms)",
        "sentido": "oriente-poniente",
        "descripcion_original": "P4.1 Gnmo. de Alderete - Santa Julia (Longitud 3,10 Kms) | Sentido oriente-poniente",
        "tipo_peaje": "Pórtico",
        "fuente": "PORTICOS.kml (fuente original)"
      }
    },
    {
      "type": "Feature",
      "id": 75,
      "geometry": {
        "type": "Point",
        "coordinates": [
          -70.6026196,
          -33.5268922
        ]
      },
      "properties": {
        "objectid": 75,
        "descripcio": "PORTICO 4.2",
        "nombre": "PORTICO 4.2",
        "contrato": "Vespucio Sur",
        "autopista": "Vespucio Sur",
        "tramo": "P4.2 Gnmo. de Alderete - Vicuña Mackena (Longitud 2,65 Kms)",
        "sentido": "poniente-oriente",
        "descripcion_original": "P4.2 Gnmo. de Alderete - Vicuña Mackena (Longitud 2,65 Kms) | Sentido poniente-oriente",
        "tipo_peaje": "Pórtico",
        "fuente": "PORTICOS.kml (fuente original)"
      }
    },
    {
      "type": "Feature",
      "id": 76,
      "geometry": {
        "type": "Point",
        "coordinates": [
          -70.5844339,
          -33.4955269
        ]
      },
      "properties": {
        "objectid": 76,
        "descripcio": "PORTICO 5.3",
        "nombre": "PORTICO 5.3",
        "contrato": "Vespucio Sur",
        "autopista": "Vespucio Sur",
        "tramo": "P5.3 Quilín - Las Torres (Longitud 5,49 Kms)",
        "sentido": "oriente-poniente",
        "descripcion_original": "P5.3 Quilín - Las Torres (Longitud 5,49 Kms) | Sentido oriente-poniente",
        "tipo_peaje": "Pórtico",
        "fuente": "PORTICOS.kml (fuente original)"
      }
    },
    {
      "type": "Feature",
      "id": 77,
      "geometry": {
        "type": "Point",
        "coordinates": [
          -70.5845222,
          -33.4961278
        ]
      },
      "properties": {
        "objectid": 77,
        "descripcio": "PORTICO 5.4",
        "nombre": "PORTICO 5.4",
        "contrato": "Vespucio Sur",
        "autopista": "Vespucio Sur",
        "tramo": "P5.4 Quilín - Las Torres",
        "sentido": "poniente-oriente",
        "descripcion_original": "P5.4 Quilín - Las Torres | Sentido poniente-oriente",
        "tipo_peaje": "Pórtico",
        "fuente": "PORTICOS.kml (fuente original)"
      }
    },
    {
      "type": "Feature",
      "id": 78,
      "geometry": {
        "type": "Point",
        "coordinates": [
          -70.5790327,
          -33.4809223
        ]
      },
      "properties": {
        "objectid": 78,
        "descripcio": "PORTICO 5.1",
        "nombre": "PORTICO 5.1",
        "contrato": "Vespucio Sur",
        "autopista": "Vespucio Sur",
        "tramo": "P5.1 Grecia - Quilín (Longitud 1,21 Kms)",
        "sentido": "oriente-poniente",
        "descripcion_original": "P5.1 Grecia - Quilín (Longitud 1,21 Kms) | Sentido oriente-poniente",
        "tipo_peaje": "Pórtico",
        "fuente": "PORTICOS.kml (fuente original)"
      }
    },
    {
      "type": "Feature",
      "id": 79,
      "geometry": {
        "type": "Point",
        "coordinates": [
          -70.5787826,
          -33.4810403
        ]
      },
      "properties": {
        "objectid": 79,
        "descripcio": "PORTICO 5.2",
        "nombre": "PORTICO 5.2",
        "contrato": "Vespucio Sur",
        "autopista": "Vespucio Sur",
        "tramo": "P5.2 Grecia - Quilín",
        "sentido": "poniente-oriente",
        "descripcion_original": "P5.2 Grecia - Quilín | Sentido poniente-oriente",
        "tipo_peaje": "Pórtico",
        "fuente": "PORTICOS.kml (fuente original)"
      }
    },
    {
      "type": "Feature",
      "id": 80,
      "geometry": {
        "type": "Point",
        "coordinates": [
          -70.7530666,
          -33.4833891
        ]
      },
      "properties": {
        "objectid": 80,
        "descripcio": "PORTICO 1",
        "nombre": "PORTICO 1",
        "contrato": "Vespucio Norte",
        "autopista": "Vespucio Norte",
        "tramo": "RUTA 78 - SANTA ELENA",
        "sentido": "PONIENTE-ORIENTE",
        "descripcion_original": "PONIENTE-ORIENTE | RUTA 78 - SANTA ELENA",
        "tipo_peaje": "Pórtico",
        "fuente": "PORTICOS.kml (fuente original)"
      }
    },
    {
      "type": "Feature",
      "id": 81,
      "geometry": {
        "type": "Point",
        "coordinates": [
          -70.753565,
          -33.4829019
        ]
      },
      "properties": {
        "objectid": 81,
        "descripcio": "PORTICO 17",
        "nombre": "PORTICO 17",
        "contrato": "Vespucio Norte",
        "autopista": "Vespucio Norte",
        "tramo": "LOS MARES - RUTA 78",
        "sentido": "ORIENTE - PONIENTE",
        "descripcion_original": "ORIENTE - PONIENTE | LOS MARES - RUTA 78",
        "tipo_peaje": "Pórtico",
        "fuente": "PORTICOS.kml (fuente original)"
      }
    },
    {
      "type": "Feature",
      "id": 82,
      "geometry": {
        "type": "Point",
        "coordinates": [
          -70.767133,
          -33.4563503
        ]
      },
      "properties": {
        "objectid": 82,
        "descripcio": "PORTICO 2",
        "nombre": "PORTICO 2",
        "contrato": "Vespucio Norte",
        "autopista": "Vespucio Norte",
        "tramo": "RUTA 688 - LOS MARES",
        "sentido": "ORIENTE - PONIENTE",
        "descripcion_original": "ORIENTE - PONIENTE | RUTA 688 - LOS MARES",
        "tipo_peaje": "Pórtico",
        "fuente": "PORTICOS.kml (fuente original)"
      }
    },
    {
      "type": "Feature",
      "id": 83,
      "geometry": {
        "type": "Point",
        "coordinates": [
          -70.7729545,
          -33.4511801
        ]
      },
      "properties": {
        "objectid": 83,
        "descripcio": "PORTICO 16",
        "nombre": "PORTICO 16",
        "contrato": "Vespucio Norte",
        "autopista": "Vespucio Norte",
        "tramo": "SANTA ELENA - RUTA 68",
        "sentido": "PONIENTE - ORIENTE",
        "descripcion_original": "PONIENTE - ORIENTE | SANTA ELENA - RUTA 68",
        "tipo_peaje": "Pórtico",
        "fuente": "PORTICOS.kml (fuente original)"
      }
    },
    {
      "type": "Feature",
      "id": 84,
      "geometry": {
        "type": "Point",
        "coordinates": [
          -70.7831105,
          -33.4386834
        ]
      },
      "properties": {
        "objectid": 84,
        "descripcio": "PORTICO 3",
        "nombre": "PORTICO 3",
        "contrato": "Vespucio Norte",
        "autopista": "Vespucio Norte",
        "tramo": "",
        "sentido": "PONIENTE - ORIENTE",
        "descripcion_original": "PONIENTE - ORIENTE | RUTA 68 - COSTANERA NORTE",
        "tipo_peaje": "Pórtico",
        "fuente": "PORTICOS.kml (fuente original)"
      }
    },
    {
      "type": "Feature",
      "id": 85,
      "geometry": {
        "type": "Point",
        "coordinates": [
          -70.784835,
          -33.4312994
        ]
      },
      "properties": {
        "objectid": 85,
        "descripcio": "PORTICO 4",
        "nombre": "PORTICO 4",
        "contrato": "Vespucio Norte",
        "autopista": "Vespucio Norte",
        "tramo": "",
        "sentido": "ORIENTE - PONIENTE",
        "descripcion_original": "ORIENTE - PONIENTE | COSTANERA NORTE - RUTA 68",
        "tipo_peaje": "Pórtico",
        "fuente": "PORTICOS.kml (fuente original)"
      }
    },
    {
      "type": "Feature",
      "id": 86,
      "geometry": {
        "type": "Point",
        "coordinates": [
          -70.7755762,
          -33.3996064
        ]
      },
      "properties": {
        "objectid": 86,
        "descripcio": "PORTICO 5",
        "nombre": "PORTICO 5",
        "contrato": "Vespucio Norte",
        "autopista": "Vespucio Norte",
        "tramo": "",
        "sentido": "PONIENTE - ORIENTE",
        "descripcion_original": "PONIENTE - ORIENTE | COSTANERA NORTE - CONDELL",
        "tipo_peaje": "Pórtico",
        "fuente": "PORTICOS.kml (fuente original)"
      }
    },
    {
      "type": "Feature",
      "id": 87,
      "geometry": {
        "type": "Point",
        "coordinates": [
          -70.7755253,
          -33.3993254
        ]
      },
      "properties": {
        "objectid": 87,
        "descripcio": "PORTICO 6",
        "nombre": "PORTICO 6",
        "contrato": "Vespucio Norte",
        "autopista": "Vespucio Norte",
        "tramo": "",
        "sentido": "ORIENTE - PONIENTE",
        "descripcion_original": "ORIENTE - PONIENTE | CONDELL - COSTANERA NORTE",
        "tipo_peaje": "Pórtico",
        "fuente": "PORTICOS.kml (fuente original)"
      }
    },
    {
      "type": "Feature",
      "id": 88,
      "geometry": {
        "type": "Point",
        "coordinates": [
          -70.7539408,
          -33.3813353
        ]
      },
      "properties": {
        "objectid": 88,
        "descripcio": "PORTICO 7",
        "nombre": "PORTICO 7",
        "contrato": "Vespucio Norte",
        "autopista": "Vespucio Norte",
        "tramo": "CONDELL - LO ECHEVERS",
        "sentido": "PONIENTE - ORIENTE",
        "descripcion_original": "PONIENTE - ORIENTE | CONDELL - LO ECHEVERS",
        "tipo_peaje": "Pórtico",
        "fuente": "PORTICOS.kml (fuente original)"
      }
    },
    {
      "type": "Feature",
      "id": 89,
      "geometry": {
        "type": "Point",
        "coordinates": [
          -70.7112536,
          -33.3730028
        ]
      },
      "properties": {
        "objectid": 89,
        "descripcio": "PORTICO 8",
        "nombre": "PORTICO 8",
        "contrato": "Vespucio Norte",
        "autopista": "Vespucio Norte",
        "tramo": "",
        "sentido": "ORIENTE - PONIENTE",
        "descripcion_original": "ORIENTE - PONIENTE | RUTA 5 NORTE - CONDELL",
        "tipo_peaje": "Pórtico",
        "fuente": "PORTICOS.kml (fuente original)"
      }
    },
    {
      "type": "Feature",
      "id": 90,
      "geometry": {
        "type": "Point",
        "coordinates": [
          -70.7042902,
          -33.3688421
        ]
      },
      "properties": {
        "objectid": 90,
        "descripcio": "PORTICO 9",
        "nombre": "PORTICO 9",
        "contrato": "Vespucio Norte",
        "autopista": "Vespucio Norte",
        "tramo": "",
        "sentido": "PONIENTE - ORIENTE",
        "descripcion_original": "PONIENTE - ORIENTE | LO ECHEVERS - RUTA 5 NORTE",
        "tipo_peaje": "Pórtico",
        "fuente": "PORTICOS.kml (fuente original)"
      }
    },
    {
      "type": "Feature",
      "id": 91,
      "geometry": {
        "type": "Point",
        "coordinates": [
          -70.6968664,
          -33.3659318
        ]
      },
      "properties": {
        "objectid": 91,
        "descripcio": "PORTICO 10",
        "nombre": "PORTICO 10",
        "contrato": "Vespucio Norte",
        "autopista": "Vespucio Norte",
        "tramo": "",
        "sentido": "PONIENTE - ORIENTE",
        "descripcion_original": "PONIENTE - ORIENTE | RUTA 5 NORTE - PEDRO FONTOVA",
        "tipo_peaje": "Pórtico",
        "fuente": "PORTICOS.kml (fuente original)"
      }
    },
    {
      "type": "Feature",
      "id": 92,
      "geometry": {
        "type": "Point",
        "coordinates": [
          -70.6950932,
          -33.3657681
        ]
      },
      "properties": {
        "objectid": 92,
        "descripcio": "PORTICO 11",
        "nombre": "PORTICO 11",
        "contrato": "Vespucio Norte",
        "autopista": "Vespucio Norte",
        "tramo": "",
        "sentido": "ORIENTE - PONIENTE",
        "descripcion_original": "ORIENTE - PONIENTE | PEDRO FONTOVA - RUTA 5 NORTE",
        "tipo_peaje": "Pórtico",
        "fuente": "PORTICOS.kml (fuente original)"
      }
    },
    {
      "type": "Feature",
      "id": 93,
      "geometry": {
        "type": "Point",
        "coordinates": [
          -70.6649454,
          -33.3734001
        ]
      },
      "properties": {
        "objectid": 93,
        "descripcio": "PORTICO 12",
        "nombre": "PORTICO 12",
        "contrato": "Vespucio Norte",
        "autopista": "Vespucio Norte",
        "tramo": "PEDRO FONTOVA - GUANACO",
        "sentido": "PONIENTE - ORIENTE",
        "descripcion_original": "PONIENTE - ORIENTE | PEDRO FONTOVA - GUANACO",
        "tipo_peaje": "Pórtico",
        "fuente": "PORTICOS.kml (fuente original)"
      }
    },
    {
      "type": "Feature",
      "id": 94,
      "geometry": {
        "type": "Point",
        "coordinates": [
          -70.6646255,
          -33.3733513
        ]
      },
      "properties": {
        "objectid": 94,
        "descripcio": "PORTICO 13",
        "nombre": "PORTICO 13",
        "contrato": "Vespucio Norte",
        "autopista": "Vespucio Norte",
        "tramo": "RECOLETA - PEDRO FONTOVA",
        "sentido": "ORIENTE - PONIENTE",
        "descripcion_original": "ORIENTE - PONIENTE | RECOLETA - PEDRO FONTOVA",
        "tipo_peaje": "Pórtico",
        "fuente": "PORTICOS.kml (fuente original)"
      }
    },
    {
      "type": "Feature",
      "id": 95,
      "geometry": {
        "type": "Point",
        "coordinates": [
          -70.6329552,
          -33.3886435
        ]
      },
      "properties": {
        "objectid": 95,
        "descripcio": "PORTICO 15",
        "nombre": "PORTICO 15",
        "contrato": "Vespucio Norte",
        "autopista": "Vespucio Norte",
        "tramo": "EL SALTO - RECOLETA",
        "sentido": "ORIENTE - PONIENTE",
        "descripcion_original": "ORIENTE - PONIENTE | EL SALTO - RECOLETA",
        "tipo_peaje": "Pórtico",
        "fuente": "PORTICOS.kml (fuente original)"
      }
    },
    {
      "type": "Feature",
      "id": 96,
      "geometry": {
        "type": "Point",
        "coordinates": [
          -70.6333187,
          -33.3885853
        ]
      },
      "properties": {
        "objectid": 96,
        "descripcio": "PORTICO 14",
        "nombre": "PORTICO 14",
        "contrato": "Vespucio Norte",
        "autopista": "Vespucio Norte",
        "tramo": "GUANACO - EL SALTO",
        "sentido": "PONIENTE - ORIENTE",
        "descripcion_original": "PONIENTE - ORIENTE | GUANACO - EL SALTO",
        "tipo_peaje": "Pórtico",
        "fuente": "PORTICOS.kml (fuente original)"
      }
    },
    {
      "type": "Feature",
      "id": 97,
      "geometry": {
        "type": "Point",
        "coordinates": [
          -70.6157217,
          -33.3986148
        ]
      },
      "properties": {
        "objectid": 97,
        "descripcio": "PORTICO 101",
        "nombre": "PORTICO 101",
        "contrato": "Vespucio Norte",
        "autopista": "Vespucio Norte",
        "tramo": "EL SALTO - KENNEDY",
        "sentido": "PONIENTE - ORIENTE",
        "descripcion_original": "PONIENTE - ORIENTE | EL SALTO - KENNEDY",
        "tipo_peaje": "Pórtico",
        "fuente": "PORTICOS.kml (fuente original)"
      }
    },
    {
      "type": "Feature",
      "id": 98,
      "geometry": {
        "type": "Point",
        "coordinates": [
          -70.6151269,
          -33.3987763
        ]
      },
      "properties": {
        "objectid": 98,
        "descripcio": "PORTICO 102",
        "nombre": "PORTICO 102",
        "contrato": "Vespucio Norte",
        "autopista": "Vespucio Norte",
        "tramo": "KENNEDY - EL SALTO",
        "sentido": "ORIENTE - PONIENTE",
        "descripcion_original": "ORIENTE - PONIENTE | KENNEDY - EL SALTO",
        "tipo_peaje": "Pórtico",
        "fuente": "PORTICOS.kml (fuente original)"
      }
    },
    {
      "type": "Feature",
      "id": 99,
      "geometry": {
        "type": "Point",
        "coordinates": [
          -70.7461932,
          -33.4877811
        ]
      },
      "properties": {
        "objectid": 99,
        "descripcio": "PEAJE VESPUCIO PONIENTE",
        "nombre": "PEAJE VESPUCIO PONIENTE",
        "contrato": "Autopista del Sol",
        "autopista": "Autopista del Sol",
        "tramo": "AMERICO VESPUCIO 8700",
        "sentido": "ORIENTE - PONIENTE",
        "descripcion_original": "AUTOPISTA DEL SOL | ORIENTE - PONIENTE | AMERICO VESPUCIO 8700",
        "tipo_peaje": "Pórtico",
        "fuente": "PORTICOS.kml (fuente original)"
      }
    },
    {
      "type": "Feature",
      "id": 100,
      "geometry": {
        "type": "Point",
        "coordinates": [
          -70.7457104,
          -33.4881972
        ]
      },
      "properties": {
        "objectid": 100,
        "descripcio": "PEAJE VESPUCIO ORIENTE",
        "nombre": "PEAJE VESPUCIO ORIENTE",
        "contrato": "Autopista del Sol",
        "autopista": "Autopista del Sol",
        "tramo": "AMERICO VESPUCIO 8700",
        "sentido": "PONIENTE - ORIENTE",
        "descripcion_original": "AUTOPISTA DEL SOL | PONIENTE - ORIENTE | AMERICO VESPUCIO 8700",
        "tipo_peaje": "Pórtico",
        "fuente": "PORTICOS.kml (fuente original)"
      }
    },
    {
      "type": "Feature",
      "id": 101,
      "geometry": {
        "type": "Point",
        "coordinates": [
          -70.7994665,
          -33.5054129
        ]
      },
      "properties": {
        "objectid": 101,
        "descripcio": "PEAJE RINCONADA PONIENTE",
        "nombre": "PEAJE RINCONADA PONIENTE",
        "contrato": "Autopista del Sol",
        "autopista": "Autopista del Sol",
        "tramo": "RINCONADA KM 14.430",
        "sentido": "ORIENTE - PONIENTE",
        "descripcion_original": "AUTOPISTA DEL SOL | ORIENTE - PONIENTE | RINCONADA KM 14.430",
        "tipo_peaje": "Pórtico",
        "fuente": "PORTICOS.kml (fuente original)"
      }
    },
    {
      "type": "Feature",
      "id": 102,
      "geometry": {
        "type": "Point",
        "coordinates": [
          -70.7989435,
          -33.5055426
        ]
      },
      "properties": {
        "objectid": 102,
        "descripcio": "PEAJE RINCONADA ORIENTE",
        "nombre": "PEAJE RINCONADA ORIENTE",
        "contrato": "Autopista del Sol",
        "autopista": "Autopista del Sol",
        "tramo": "RINCONADA KM 14.430",
        "sentido": "PONIENTE - ORIENTE",
        "descripcion_original": "AUTOPISTA DEL SOL | PONIENTE - ORIENTE | RINCONADA KM 14.430",
        "tipo_peaje": "Pórtico",
        "fuente": "PORTICOS.kml (fuente original)"
      }
    },
    {
      "type": "Feature",
      "id": 103,
      "geometry": {
        "type": "Point",
        "coordinates": [
          -70.8505839,
          -33.6074235
        ]
      },
      "properties": {
        "objectid": 103,
        "descripcio": "PEAJE MALLOCO ORIENTE",
        "nombre": "PEAJE MALLOCO ORIENTE",
        "contrato": "Autopista del Sol",
        "autopista": "Autopista del Sol",
        "tramo": "MALLOCO KM 28.240",
        "sentido": "PONIENTE - ORIENTE",
        "descripcion_original": "AUTOPISTA DEL SOL | PONIENTE - ORIENTE | MALLOCO KM 28.240",
        "tipo_peaje": "Pórtico",
        "fuente": "PORTICOS.kml (fuente original)"
      }
    },
    {
      "type": "Feature",
      "id": 104,
      "geometry": {
        "type": "Point",
        "coordinates": [
          -70.8507623,
          -33.607371
        ]
      },
      "properties": {
        "objectid": 104,
        "descripcio": "PEAJE MALLOCO PONIENTE",
        "nombre": "PEAJE MALLOCO PONIENTE",
        "contrato": "Autopista del Sol",
        "autopista": "Autopista del Sol",
        "tramo": "MALLOCO KM 28.240",
        "sentido": "ORIENTE - PONIENTE",
        "descripcion_original": "AUTOPISTA DEL SOL | ORIENTE - PONIENTE | MALLOCO KM 28.240",
        "tipo_peaje": "Pórtico",
        "fuente": "PORTICOS.kml (fuente original)"
      }
    },
    {
      "type": "Feature",
      "id": 105,
      "geometry": {
        "type": "Point",
        "coordinates": [
          -70.9227336,
          -33.6735677
        ]
      },
      "properties": {
        "objectid": 105,
        "descripcio": "PEAJE TALAGANTE ORIENTE",
        "nombre": "PEAJE TALAGANTE ORIENTE",
        "contrato": "Autopista del Sol",
        "autopista": "Autopista del Sol",
        "tramo": "TALAGANTE KM 38.440",
        "sentido": "PONIENTE - ORIENTE",
        "descripcion_original": "AUTOPISTA DEL SOL | PONIENTE - ORIENTE | TALAGANTE KM 38.440",
        "tipo_peaje": "Pórtico",
        "fuente": "PORTICOS.kml (fuente original)"
      }
    },
    {
      "type": "Feature",
      "id": 106,
      "geometry": {
        "type": "Point",
        "coordinates": [
          -70.922916,
          -33.6732596
        ]
      },
      "properties": {
        "objectid": 106,
        "descripcio": "PEAJE TALAGANTE PONIENTE",
        "nombre": "PEAJE TALAGANTE PONIENTE",
        "contrato": "Autopista del Sol",
        "autopista": "Autopista del Sol",
        "tramo": "TALAGANTE KM 38.440",
        "sentido": "PONIENTE - ORIENTE",
        "descripcion_original": "AUTOPISTA DEL SOL | PONIENTE - ORIENTE | TALAGANTE KM 38.440",
        "tipo_peaje": "Pórtico",
        "fuente": "PORTICOS.kml (fuente original)"
      }
    },
    {
      "type": "Feature",
      "id": 107,
      "geometry": {
        "type": "Point",
        "coordinates": [
          -70.967662,
          -33.6984747
        ]
      },
      "properties": {
        "objectid": 107,
        "descripcio": "PEAJE EL MONTE ORIENTE",
        "nombre": "PEAJE EL MONTE ORIENTE",
        "contrato": "Autopista del Sol",
        "autopista": "Autopista del Sol",
        "tramo": "EL MONTE KM 43.450",
        "sentido": "PONIENTE - ORIENTE",
        "descripcion_original": "PONIENTE - ORIENTE | EL MONTE KM 43.450",
        "tipo_peaje": "Pórtico",
        "fuente": "PORTICOS.kml (fuente original)"
      }
    },
    {
      "type": "Feature",
      "id": 108,
      "geometry": {
        "type": "Point",
        "coordinates": [
          -70.9677519,
          -33.6983598
        ]
      },
      "properties": {
        "objectid": 108,
        "descripcio": "PEAJE EL MONTE PONIENTE",
        "nombre": "PEAJE EL MONTE PONIENTE",
        "contrato": "Autopista del Sol",
        "autopista": "Autopista del Sol",
        "tramo": "EL MONTE KM 43.450",
        "sentido": "ORIENTE - PONIENTE",
        "descripcion_original": "AUTOPISTA DEL SOL | ORIENTE - PONIENTE | EL MONTE KM 43.450",
        "tipo_peaje": "Pórtico",
        "fuente": "PORTICOS.kml (fuente original)"
      }
    },
    {
      "type": "Feature",
      "id": 109,
      "geometry": {
        "type": "Point",
        "coordinates": [
          -71.0496684,
          -33.6916027
        ]
      },
      "properties": {
        "objectid": 109,
        "descripcio": "PEAJE EL PAICO PONIENTE",
        "nombre": "PEAJE EL PAICO PONIENTE",
        "contrato": "Autopista del Sol",
        "autopista": "Autopista del Sol",
        "tramo": "EL PAICO KM 51.550",
        "sentido": "ORIENTE - PONIENTE",
        "descripcion_original": "AUTOPISTA DEL SOL | ORIENTE - PONIENTE | EL PAICO KM 51.550",
        "tipo_peaje": "Pórtico",
        "fuente": "PORTICOS.kml (fuente original)"
      }
    },
    {
      "type": "Feature",
      "id": 110,
      "geometry": {
        "type": "Point",
        "coordinates": [
          -71.0498563,
          -33.6919696
        ]
      },
      "properties": {
        "objectid": 110,
        "descripcio": "PEAJE EL PAICO ORIENTE",
        "nombre": "PEAJE EL PAICO ORIENTE",
        "contrato": "Autopista del Sol",
        "autopista": "Autopista del Sol",
        "tramo": "EL PAICO KM 51.550",
        "sentido": "PONIENTE - ORIENTE",
        "descripcion_original": "AUTOPISTA DEL SOL | PONIENTE - ORIENTE | EL PAICO KM 51.550",
        "tipo_peaje": "Pórtico",
        "fuente": "PORTICOS.kml (fuente original)"
      }
    },
    {
      "type": "Feature",
      "id": 111,
      "geometry": {
        "type": "Point",
        "coordinates": [
          -71.1546166,
          -33.6694559
        ]
      },
      "properties": {
        "objectid": 111,
        "descripcio": "PEAJE POMAIRE PONIENTE",
        "nombre": "PEAJE POMAIRE PONIENTE",
        "contrato": "Autopista del Sol",
        "autopista": "Autopista del Sol",
        "tramo": "BIDIRECCIONAL",
        "sentido": "",
        "descripcion_original": "AUTOPISTA DEL SOL | BIDIRECCIONAL | AUTOPISTA DEL SOL KM 61.7 C*",
        "tipo_peaje": "Pórtico",
        "fuente": "PORTICOS.kml (fuente original)"
      }
    },
    {
      "type": "Feature",
      "id": 112,
      "geometry": {
        "type": "Point",
        "coordinates": [
          -71.1545871,
          -33.6698481
        ]
      },
      "properties": {
        "objectid": 112,
        "descripcio": "PEAJE POMAIRE ORIENTE",
        "nombre": "PEAJE POMAIRE ORIENTE",
        "contrato": "Autopista del Sol",
        "autopista": "Autopista del Sol",
        "tramo": "BIDIRECCIONAL",
        "sentido": "",
        "descripcion_original": "AUTOPISTA DEL SOL | BIDIRECCIONAL | AUTOPISTA DEL SOL KM 51.7 CA*",
        "tipo_peaje": "Pórtico",
        "fuente": "PORTICOS.kml (fuente original)"
      }
    },
    {
      "type": "Feature",
      "id": 113,
      "geometry": {
        "type": "Point",
        "coordinates": [
          -71.1974313,
          -33.6759589
        ]
      },
      "properties": {
        "objectid": 113,
        "descripcio": "PEAJE MELIPILLA",
        "nombre": "PEAJE MELIPILLA",
        "contrato": "Autopista del Sol",
        "autopista": "Autopista del Sol",
        "tramo": "BIDIRECCIONAL | GENERAL SAN MARTIN (CEMENTERIO PARQUE DE MELIPILLA)",
        "sentido": "",
        "descripcion_original": "AUTOPISTA DEL SOL | BIDIRECCIONAL | GENERAL SAN MARTIN (CEMENTERIO PARQUE DE MELIPILLA)",
        "tipo_peaje": "Pórtico",
        "fuente": "PORTICOS.kml (fuente original)"
      }
    },
    {
      "type": "Feature",
      "id": 114,
      "geometry": {
        "type": "Point",
        "coordinates": [
          -71.2001555,
          -33.6732017
        ]
      },
      "properties": {
        "objectid": 114,
        "descripcio": "PEAJE TRONCAL MELIPILLA",
        "nombre": "PEAJE TRONCAL MELIPILLA",
        "contrato": "Autopista del Sol",
        "autopista": "Autopista del Sol",
        "tramo": "BIDIRECCIONAL",
        "sentido": "",
        "descripcion_original": "AUTOPISTA DEL SOL | BIDIRECCIONAL | AUTOPISTA DEL SOL KM 65.970",
        "tipo_peaje": "Pórtico",
        "fuente": "PORTICOS.kml (fuente original)"
      }
    },
    {
      "type": "Feature",
      "id": 115,
      "geometry": {
        "type": "Point",
        "coordinates": [
          -71.350223,
          -33.6525271
        ]
      },
      "properties": {
        "objectid": 115,
        "descripcio": "PEAJE PUANGE PONIENTE",
        "nombre": "PEAJE PUANGE PONIENTE",
        "contrato": "Autopista del Sol",
        "autopista": "Autopista del Sol",
        "tramo": "PEAJE LATERAL PUANGE PONIENTE",
        "sentido": "ORIENTE - PONIENTE",
        "descripcion_original": "AUTOPISTA DEL SOL | PEAJE LATERAL PUANGE PONIENTE | ORIENTE - PONIENTE | PUANGE - AUTOPISTA DEL SOL, KM 80.9",
        "tipo_peaje": "Pórtico",
        "fuente": "PORTICOS.kml (fuente original)"
      }
    },
    {
      "type": "Feature",
      "id": 116,
      "geometry": {
        "type": "Point",
        "coordinates": [
          -71.3503758,
          -33.652881
        ]
      },
      "properties": {
        "objectid": 116,
        "descripcio": "PEAJE PUANGE ORIENTE",
        "nombre": "PEAJE PUANGE ORIENTE",
        "contrato": "Autopista del Sol",
        "autopista": "Autopista del Sol",
        "tramo": "AUOPISTA DEL SOL",
        "sentido": "PONIENTE - ORIENTE",
        "descripcion_original": "AUOPISTA DEL SOL | PONIENTE - ORIENTE | AUTOPISTA DEL SOL KM 80.9",
        "tipo_peaje": "Pórtico",
        "fuente": "PORTICOS.kml (fuente original)"
      }
    },
    {
      "type": "Feature",
      "id": 117,
      "geometry": {
        "type": "Point",
        "coordinates": [
          -70.7037924,
          -33.3579969
        ]
      },
      "properties": {
        "objectid": 117,
        "descripcio": "PMVT 01N",
        "nombre": "PMVT 01N",
        "contrato": "Ruta 5 Santiago-Los Vilos",
        "autopista": "Autovía Santiago-Lampa",
        "tramo": "PASO SUPERIOR LO MARCOLETA",
        "sentido": "SUR - NORTE",
        "descripcion_original": "AUTOVIA SANTIAGO LAMPA | SUR - NORTE | PASO SUPERIOR LO MARCOLETA",
        "tipo_peaje": "Pórtico",
        "fuente": "PORTICOS.kml (fuente original)"
      }
    },
    {
      "type": "Feature",
      "id": 118,
      "geometry": {
        "type": "Point",
        "coordinates": [
          -70.7040741,
          -33.3579879
        ]
      },
      "properties": {
        "objectid": 118,
        "descripcio": "PMVT 01S",
        "nombre": "PMVT 01S",
        "contrato": "Ruta 5 Santiago-Los Vilos",
        "autopista": "Autovía Santiago-Lampa",
        "tramo": "PASO SUPERIOR LO MARCOLETA",
        "sentido": "NORTE - SUR",
        "descripcion_original": "AUTOVIA SANTIAGO LAMPA | NORTE - SUR | PASO SUPERIOR LO MARCOLETA",
        "tipo_peaje": "Pórtico",
        "fuente": "PORTICOS.kml (fuente original)"
      }
    },
    {
      "type": "Feature",
      "id": 119,
      "geometry": {
        "type": "Point",
        "coordinates": [
          -70.7119419,
          -33.3398155
        ]
      },
      "properties": {
        "objectid": 119,
        "descripcio": "PMVT 02N",
        "nombre": "PMVT 02N",
        "contrato": "Ruta 5 Santiago-Los Vilos",
        "autopista": "Autovía Santiago-Lampa",
        "tramo": "ENLACE BUENAVENTURA",
        "sentido": "SUR - NORTE",
        "descripcion_original": "AUTOVIA SANTIAGO LAMPA | SUR - NORTE | ENLACE BUENAVENTURA",
        "tipo_peaje": "Pórtico",
        "fuente": "PORTICOS.kml (fuente original)"
      }
    },
    {
      "type": "Feature",
      "id": 120,
      "geometry": {
        "type": "Point",
        "coordinates": [
          -70.7122544,
          -33.3398183
        ]
      },
      "properties": {
        "objectid": 120,
        "descripcio": "PMVT 02S",
        "nombre": "PMVT 02S",
        "contrato": "Ruta 5 Santiago-Los Vilos",
        "autopista": "Autovía Santiago-Lampa",
        "tramo": "ENLACE BUENAVENTURA",
        "sentido": "NORTE - SUR",
        "descripcion_original": "AUTOVIA SANTIAGO LAMPA | NORTE - SUR | ENLACE BUENAVENTURA",
        "tipo_peaje": "Pórtico",
        "fuente": "PORTICOS.kml (fuente original)"
      }
    },
    {
      "type": "Feature",
      "id": 121,
      "geometry": {
        "type": "Point",
        "coordinates": [
          -70.7221762,
          -33.3170924
        ]
      },
      "properties": {
        "objectid": 121,
        "descripcio": "PMVT 03N",
        "nombre": "PMVT 03N",
        "contrato": "Ruta 5 Santiago-Los Vilos",
        "autopista": "Autovía Santiago-Lampa",
        "tramo": "PASO SUPERIOR LA MONTAÑA",
        "sentido": "NORTE - SUR",
        "descripcion_original": "AUTOVIA SANTIAGO LAMPA | NORTE - SUR | PASO SUPERIOR LA MONTAÑA",
        "tipo_peaje": "Pórtico",
        "fuente": "PORTICOS.kml (fuente original)"
      }
    },
    {
      "type": "Feature",
      "id": 122,
      "geometry": {
        "type": "Point",
        "coordinates": [
          -70.7224162,
          -33.3170683
        ]
      },
      "properties": {
        "objectid": 122,
        "descripcio": "PMVT 03S",
        "nombre": "PMVT 03S",
        "contrato": "Ruta 5 Santiago-Los Vilos",
        "autopista": "Autovía Santiago-Lampa",
        "tramo": "PASO SUPERIOR LA MONTAÑA",
        "sentido": "SUR - NORTE",
        "descripcion_original": "AUTOVIA SANTIAGO LAMPA | SUR - NORTE | PASO SUPERIOR LA MONTAÑA",
        "tipo_peaje": "Pórtico",
        "fuente": "PORTICOS.kml (fuente original)"
      }
    },
    {
      "type": "Feature",
      "id": 123,
      "geometry": {
        "type": "Point",
        "coordinates": [
          -70.7388548,
          -33.2799271
        ]
      },
      "properties": {
        "objectid": 123,
        "descripcio": "PMVT 04N",
        "nombre": "PMVT 04N",
        "contrato": "Ruta 5 Santiago-Los Vilos",
        "autopista": "Autovía Santiago-Lampa",
        "tramo": "ENLACE LO PINTO",
        "sentido": "SUR - NORTE",
        "descripcion_original": "AUTOVIA SANTIAGO LAMPA | SUR - NORTE | ENLACE LO PINTO",
        "tipo_peaje": "Pórtico",
        "fuente": "PORTICOS.kml (fuente original)"
      }
    },
    {
      "type": "Feature",
      "id": 124,
      "geometry": {
        "type": "Point",
        "coordinates": [
          -70.7391043,
          -33.2799103
        ]
      },
      "properties": {
        "objectid": 124,
        "descripcio": "PMVT 04S",
        "nombre": "PMVT 04S",
        "contrato": "Ruta 5 Santiago-Los Vilos",
        "autopista": "Autovía Santiago-Lampa",
        "tramo": "ENLACE LO PINTO",
        "sentido": "NORTE - SUR",
        "descripcion_original": "AUTOVIA SANTIAGO LAMPA | NORTE - SUR | ENLACE LO PINTO",
        "tipo_peaje": "Pórtico",
        "fuente": "PORTICOS.kml (fuente original)"
      }
    },
    {
      "type": "Feature",
      "id": 125,
      "geometry": {
        "type": "Point",
        "coordinates": [
          -70.7588055,
          -33.2356158
        ]
      },
      "properties": {
        "objectid": 125,
        "descripcio": "PP5 ORIENTE",
        "nombre": "PP5 ORIENTE",
        "contrato": "Ruta 5 Santiago-Los Vilos",
        "autopista": "Autovía Santiago-Lampa",
        "tramo": "PEAJE LAMPA",
        "sentido": "SUR - NORTE",
        "descripcion_original": "AUTOVIA SANTIAGO LAMPA | SUR - NORTE | PEAJE LAMPA",
        "tipo_peaje": "Pórtico",
        "fuente": "PORTICOS.kml (fuente original)"
      }
    },
    {
      "type": "Feature",
      "id": 126,
      "geometry": {
        "type": "Point",
        "coordinates": [
          -70.7590322,
          -33.235599
        ]
      },
      "properties": {
        "objectid": 126,
        "descripcio": "PP5 PONIENTE",
        "nombre": "PP5 PONIENTE",
        "contrato": "Ruta 5 Santiago-Los Vilos",
        "autopista": "Autovía Santiago-Lampa",
        "tramo": "PEAJE LAMPA",
        "sentido": "NORTE - SUR",
        "descripcion_original": "AUTOVIA SANTIAGO LAMPA | NORTE - SUR | PEAJE LAMPA",
        "tipo_peaje": "Pórtico",
        "fuente": "PORTICOS.kml (fuente original)"
      }
    },
    {
      "type": "Feature",
      "id": 127,
      "geometry": {
        "type": "Point",
        "coordinates": [
          -70.6704944,
          -33.2994749
        ]
      },
      "properties": {
        "objectid": 127,
        "descripcio": "P63",
        "nombre": "P63",
        "contrato": "Autopista Nororiente",
        "autopista": "Autopista Nororiente",
        "tramo": "",
        "sentido": "PONIENTE - ORIENTE",
        "descripcion_original": "AUSTOPISTA NORORIENTE | PONIENTE - ORIENTE | TRONCAL PONIENTE RUTA 5 NORTE - ENLACE AV. DEL VALLE",
        "tipo_peaje": "Pórtico",
        "fuente": "PORTICOS.kml (fuente original)"
      }
    },
    {
      "type": "Feature",
      "id": 128,
      "geometry": {
        "type": "Point",
        "coordinates": [
          -70.6704985,
          -33.2993768
        ]
      },
      "properties": {
        "objectid": 128,
        "descripcio": "P62",
        "nombre": "P62",
        "contrato": "Autopista Nororiente",
        "autopista": "Autopista Nororiente",
        "tramo": "",
        "sentido": "ORIENTE - PONIENTE",
        "descripcion_original": "AUTOPISTA NORORIENTE | ORIENTE - PONIENTE | TRONCAL PONIENTE ENLACE AV. DEL VALLE - RUTA 5 NORTE",
        "tipo_peaje": "Pórtico",
        "fuente": "PORTICOS.kml (fuente original)"
      }
    },
    {
      "type": "Feature",
      "id": 129,
      "geometry": {
        "type": "Point",
        "coordinates": [
          -70.6341873,
          -33.3113811
        ]
      },
      "properties": {
        "objectid": 129,
        "descripcio": "P65",
        "nombre": "P65",
        "contrato": "Autopista Nororiente",
        "autopista": "Autopista Nororiente",
        "tramo": "",
        "sentido": "PONIENTE - ORIENTE",
        "descripcion_original": "AUTOPISTA NORORIENTE | PONIENTE - ORIENTE | TRONCAL ORIENTE ENLACE AV. DEL VALLE - NUDO CENTENARIO",
        "tipo_peaje": "Pórtico",
        "fuente": "PORTICOS.kml (fuente original)"
      }
    },
    {
      "type": "Feature",
      "id": 130,
      "geometry": {
        "type": "Point",
        "coordinates": [
          -70.6342678,
          -33.3112757
        ]
      },
      "properties": {
        "objectid": 130,
        "descripcio": "P64",
        "nombre": "P64",
        "contrato": "Autopista Nororiente",
        "autopista": "Autopista Nororiente",
        "tramo": "",
        "sentido": "ORIENTE - PONIENTE",
        "descripcion_original": "AUTOPISTA NORORIENTE | ORIENTE - PONIENTE | TRONCAL ORIENTE NUDO CENTENARIO - ENLACE AV. DEL VALLE",
        "tipo_peaje": "Pórtico",
        "fuente": "PORTICOS.kml (fuente original)"
      }
    },
    {
      "type": "Feature",
      "id": 131,
      "geometry": {
        "type": "Point",
        "coordinates": [
          -70.6248863,
          -33.3246661
        ]
      },
      "properties": {
        "objectid": 131,
        "descripcio": "P60",
        "nombre": "P60",
        "contrato": "Autopista Nororiente",
        "autopista": "Autopista Nororiente",
        "tramo": "LATERAL ENTRADA LLANO",
        "sentido": "PONIENTE - ORIENTE",
        "descripcion_original": "AUTOPISTA NORORIENTE | PONIENTE - ORIENTE | LATERAL ENTRADA LLANO",
        "tipo_peaje": "Pórtico",
        "fuente": "PORTICOS.kml (fuente original)"
      }
    },
    {
      "type": "Feature",
      "id": 132,
      "geometry": {
        "type": "Point",
        "coordinates": [
          -70.6243235,
          -33.3258663
        ]
      },
      "properties": {
        "objectid": 132,
        "descripcio": "P61",
        "nombre": "P61",
        "contrato": "Autopista Nororiente",
        "autopista": "Autopista Nororiente",
        "tramo": "LATERAL SALIDA LLANO",
        "sentido": "ORIENTE - PONIENTE",
        "descripcion_original": "AUTOPISTA NORORIENTE | ORIENTE - PONIENTE | LATERAL SALIDA LLANO",
        "tipo_peaje": "Pórtico",
        "fuente": "PORTICOS.kml (fuente original)"
      }
    },
    {
      "geometry": {
        "type": "Point",
        "coordinates": [
          -70.79273299999306,
          -33.41661199907346
        ]
      },
      "id": 133,
      "type": "Feature",
      "properties": {
        "nom_comuna": "Pudahuel",
        "tramo": "Tramo A2, Enlace Costanera - Enlace Interior Aeropuerto",
        "nom_region": "Metropolitana de Santiago",
        "descripcio": "Pórtico AMB",
        "cod_comuna": "13124",
        "contrato": "Acceso Vial Aeropuerto Arturo Merino Benítez",
        "tipo_peaje": "Punto de Cobro",
        "cod_region": "13",
        "cod_provincia": "131",
        "objectid": 133,
        "nom_provincia": "Santiago",
        "autopista": "Acceso Vial Aeropuerto AMB",
        "fuente": "Base original de autopistas RM"
      }
    },
    {
      "geometry": {
        "type": "Point",
        "coordinates": [
          -70.8016910003231,
          -33.36564899915522
        ]
      },
      "id": 134,
      "type": "Feature",
      "properties": {
        "nom_comuna": "Pudahuel",
        "tramo": "Tramo A2, Enlace Costanera - Enlace Interior Aeropuerto",
        "nom_region": "Metropolitana de Santiago",
        "descripcio": "Portón N° 12",
        "cod_comuna": "13124",
        "contrato": "Acceso Vial Aeropuerto Arturo Merino Benítez",
        "tipo_peaje": "Punto de Cobro",
        "cod_region": "13",
        "cod_provincia": "131",
        "objectid": 134,
        "nom_provincia": "Santiago",
        "autopista": "Acceso Vial Aeropuerto AMB",
        "fuente": "Base original de autopistas RM"
      }
    },
    {
      "geometry": {
        "type": "Point",
        "coordinates": [
          -70.57468300004935,
          -33.430149999430796
        ]
      },
      "id": 135,
      "type": "Feature",
      "properties": {
        "nom_comuna": "Las Condes",
        "tramo": "RAMAL ENTRADA - CARLOS ALVARADO",
        "nom_region": "Metropolitana de Santiago",
        "descripcio": "P101 Bilbao",
        "cod_comuna": "13114",
        "contrato": "Concesión Américo Vespucio Oriente Tramo El Salto - Príncipe de Gales",
        "tipo_peaje": "Punto de Cobro",
        "cod_region": "13",
        "cod_provincia": "131",
        "objectid": 135,
        "nom_provincia": "Santiago",
        "autopista": "Américo Vespucio Oriente",
        "fuente": "Base original de autopistas RM"
      }
    },
    {
      "geometry": {
        "type": "Point",
        "coordinates": [
          -70.58132600038167,
          -33.42047999898622
        ]
      },
      "id": 136,
      "type": "Feature",
      "properties": {
        "nom_comuna": "Las Condes",
        "tramo": "RAMAL ENTRADA - CUENCA",
        "nom_region": "Metropolitana de Santiago",
        "descripcio": "P102 Martin de Zamora",
        "cod_comuna": "13114",
        "contrato": "Concesión Américo Vespucio Oriente Tramo El Salto - Príncipe de Gales",
        "tipo_peaje": "Punto de Cobro",
        "cod_region": "13",
        "cod_provincia": "131",
        "objectid": 136,
        "nom_provincia": "Santiago",
        "autopista": "Américo Vespucio Oriente",
        "fuente": "Base original de autopistas RM"
      }
    },
    {
      "geometry": {
        "type": "Point",
        "coordinates": [
          -70.58689400016853,
          -33.40955999911734
        ]
      },
      "id": 137,
      "type": "Feature",
      "properties": {
        "nom_comuna": "Las Condes",
        "tramo": "RAMAL ENTRADA - LOS TALAVERAS",
        "nom_region": "Metropolitana de Santiago",
        "descripcio": "P104 Presidente Riesco",
        "cod_comuna": "13114",
        "contrato": "Concesión Américo Vespucio Oriente Tramo El Salto - Príncipe de Gales",
        "tipo_peaje": "Punto de Cobro",
        "cod_region": "13",
        "cod_provincia": "131",
        "objectid": 137,
        "nom_provincia": "Santiago",
        "autopista": "Américo Vespucio Oriente",
        "fuente": "Base original de autopistas RM"
      }
    },
    {
      "geometry": {
        "type": "Point",
        "coordinates": [
          -70.5802960003657,
          -33.40137499929204
        ]
      },
      "id": 138,
      "type": "Feature",
      "properties": {
        "nom_comuna": "Vitacura",
        "tramo": "RAMAL ENTRADA KENNEDY ORIENTE SUR",
        "nom_region": "Metropolitana de Santiago",
        "descripcio": "P107 Kennedy-Vespucio/ P207",
        "cod_comuna": "13132",
        "contrato": "Concesión Américo Vespucio Oriente Tramo El Salto - Príncipe de Gales",
        "tipo_peaje": "Punto de Cobro",
        "cod_region": "13",
        "cod_provincia": "131",
        "objectid": 138,
        "nom_provincia": "Santiago",
        "autopista": "Américo Vespucio Oriente",
        "fuente": "Base original de autopistas RM"
      }
    },
    {
      "geometry": {
        "type": "Point",
        "coordinates": [
          -70.6206360004131,
          -33.396215998870815
        ]
      },
      "id": 139,
      "type": "Feature",
      "properties": {
        "nom_comuna": "Huechuraba",
        "tramo": "RAMAL ENTRADA - EL SALTO",
        "nom_region": "Metropolitana de Santiago",
        "descripcio": "P201 C. Empresarial - El Salto",
        "cod_comuna": "13107",
        "contrato": "Concesión Américo Vespucio Oriente Tramo El Salto - Príncipe de Gales",
        "tipo_peaje": "Punto de Cobro",
        "cod_region": "13",
        "cod_provincia": "131",
        "objectid": 139,
        "nom_provincia": "Santiago",
        "autopista": "Américo Vespucio Oriente",
        "fuente": "Base original de autopistas RM"
      }
    },
    {
      "geometry": {
        "type": "Point",
        "coordinates": [
          -70.6206360004131,
          -33.396215998870815
        ]
      },
      "id": 140,
      "type": "Feature",
      "properties": {
        "nom_comuna": "Huechuraba",
        "tramo": "TRONCO N-S",
        "nom_region": "Metropolitana de Santiago",
        "descripcio": "P202 Viaducto",
        "cod_comuna": "13107",
        "contrato": "Concesión Américo Vespucio Oriente Tramo El Salto - Príncipe de Gales",
        "tipo_peaje": "Punto de Cobro",
        "cod_region": "13",
        "cod_provincia": "131",
        "objectid": 140,
        "nom_provincia": "Santiago",
        "autopista": "Américo Vespucio Oriente",
        "fuente": "Base original de autopistas RM"
      }
    },
    {
      "geometry": {
        "type": "Point",
        "coordinates": [
          -70.58753199966098,
          -33.400237999123796
        ]
      },
      "id": 141,
      "type": "Feature",
      "properties": {
        "nom_comuna": "Vitacura",
        "tramo": "RAMAL ENTRADA - LAS FRESAS",
        "nom_region": "Metropolitana de Santiago",
        "descripcio": "P205 Vitacura",
        "cod_comuna": "13132",
        "contrato": "Concesión Américo Vespucio Oriente Tramo El Salto - Príncipe de Gales",
        "tipo_peaje": "Punto de Cobro",
        "cod_region": "13",
        "cod_provincia": "131",
        "objectid": 141,
        "nom_provincia": "Santiago",
        "autopista": "Américo Vespucio Oriente",
        "fuente": "Base original de autopistas RM"
      }
    },
    {
      "geometry": {
        "type": "Point",
        "coordinates": [
          -70.58656299990086,
          -33.404589999274215
        ]
      },
      "id": 142,
      "type": "Feature",
      "properties": {
        "nom_comuna": "Las Condes",
        "tramo": "RAMAL ENTRADA - KENNEDY",
        "nom_region": "Metropolitana de Santiago",
        "descripcio": "P206 Kennedy-Vespucio Sur",
        "cod_comuna": "13114",
        "contrato": "Concesión Américo Vespucio Oriente Tramo El Salto - Príncipe de Gales",
        "tipo_peaje": "Punto de Cobro",
        "cod_region": "13",
        "cod_provincia": "131",
        "objectid": 142,
        "nom_provincia": "Santiago",
        "autopista": "Américo Vespucio Oriente",
        "fuente": "Base original de autopistas RM"
      }
    },
    {
      "geometry": {
        "type": "Point",
        "coordinates": [
          -70.57856599954138,
          -33.424266998736975
        ]
      },
      "id": 143,
      "type": "Feature",
      "properties": {
        "nom_comuna": "Las Condes",
        "tramo": "RAMAL ENTRADA - CRISTOBAL COLON",
        "nom_region": "Metropolitana de Santiago",
        "descripcio": "P209 Cristobal Colón",
        "cod_comuna": "13114",
        "contrato": "Concesión Américo Vespucio Oriente Tramo El Salto - Príncipe de Gales",
        "tipo_peaje": "Punto de Cobro",
        "cod_region": "13",
        "cod_provincia": "131",
        "objectid": 143,
        "nom_provincia": "Santiago",
        "autopista": "Américo Vespucio Oriente",
        "fuente": "Base original de autopistas RM"
      }
    },
    {
      "geometry": {
        "type": "Point",
        "coordinates": [
          -70.61017599954765,
          -33.39526399922354
        ]
      },
      "id": 144,
      "type": "Feature",
      "properties": {
        "nom_comuna": "Huechuraba",
        "tramo": "TRONCO S-N",
        "nom_region": "Metropolitana de Santiago",
        "descripcio": "P110 La Pirámide",
        "cod_comuna": "13107",
        "contrato": "Concesión Américo Vespucio Oriente Tramo El Salto - Príncipe de Gales",
        "tipo_peaje": "Punto de Cobro",
        "cod_region": "13",
        "cod_provincia": "131",
        "objectid": 144,
        "nom_provincia": "Santiago",
        "autopista": "Américo Vespucio Oriente",
        "fuente": "Base original de autopistas RM"
      }
    },
    {
      "geometry": {
        "type": "Point",
        "coordinates": [
          -70.58190499973479,
          -33.41236799951051
        ]
      },
      "id": 145,
      "type": "Feature",
      "properties": {
        "nom_comuna": "Las Condes",
        "tramo": "RAMAL SALIDA - LOS MILITARES NOR ORIENTE",
        "nom_region": "Metropolitana de Santiago",
        "descripcio": "P103 Los Militares/ P208",
        "cod_comuna": "13114",
        "contrato": "Concesión Américo Vespucio Oriente Tramo El Salto - Príncipe de Gales",
        "tipo_peaje": "Punto de Cobro",
        "cod_region": "13",
        "cod_provincia": "131",
        "objectid": 145,
        "nom_provincia": "Santiago",
        "autopista": "Américo Vespucio Oriente",
        "fuente": "Base original de autopistas RM"
      }
    },
    {
      "geometry": {
        "type": "Point",
        "coordinates": [
          -70.58753700033022,
          -33.40023899930544
        ]
      },
      "id": 146,
      "type": "Feature",
      "properties": {
        "nom_comuna": "Vitacura",
        "tramo": "RAMAL SALIDA - PRESIDENTE RIESCO",
        "nom_region": "Metropolitana de Santiago",
        "descripcio": "P111 Cerro Colorado",
        "cod_comuna": "13132",
        "contrato": "Concesión Américo Vespucio Oriente Tramo El Salto - Príncipe de Gales",
        "tipo_peaje": "Punto de Cobro",
        "cod_region": "13",
        "cod_provincia": "131",
        "objectid": 146,
        "nom_provincia": "Santiago",
        "autopista": "Américo Vespucio Oriente",
        "fuente": "Base original de autopistas RM"
      }
    },
    {
      "geometry": {
        "type": "Point",
        "coordinates": [
          -70.5810920001554,
          -33.40209999881147
        ]
      },
      "id": 147,
      "type": "Feature",
      "properties": {
        "nom_comuna": "Las Condes",
        "tramo": "RAMAL SALIDA - KENNEDY SUR ORIENTE",
        "nom_region": "Metropolitana de Santiago",
        "descripcio": "P105 Salida Kennedy Oriente",
        "cod_comuna": "13114",
        "contrato": "Concesión Américo Vespucio Oriente Tramo El Salto - Príncipe de Gales",
        "tipo_peaje": "Punto de Cobro",
        "cod_region": "13",
        "cod_provincia": "131",
        "objectid": 147,
        "nom_provincia": "Santiago",
        "autopista": "Américo Vespucio Oriente",
        "fuente": "Base original de autopistas RM"
      }
    },
    {
      "geometry": {
        "type": "Point",
        "coordinates": [
          -70.58535199987347,
          -33.403809999261746
        ]
      },
      "id": 148,
      "type": "Feature",
      "properties": {
        "nom_comuna": "Las Condes",
        "tramo": "RAMAL SALIDA - KENNEDY SUR POMIENTE",
        "nom_region": "Metropolitana de Santiago",
        "descripcio": "P106 Salida Kennedy Poniente",
        "cod_comuna": "13114",
        "contrato": "Concesión Américo Vespucio Oriente Tramo El Salto - Príncipe de Gales",
        "tipo_peaje": "Punto de Cobro",
        "cod_region": "13",
        "cod_provincia": "131",
        "objectid": 148,
        "nom_provincia": "Santiago",
        "autopista": "Américo Vespucio Oriente",
        "fuente": "Base original de autopistas RM"
      }
    },
    {
      "geometry": {
        "type": "Point",
        "coordinates": [
          -70.58873700027097,
          -33.39658999934912
        ]
      },
      "id": 149,
      "type": "Feature",
      "properties": {
        "nom_comuna": "Vitacura",
        "tramo": "RAMAL SALIDA - ESPOZ - VITACURA",
        "nom_region": "Metropolitana de Santiago",
        "descripcio": "P108 Espoz - C. Goyenechea",
        "cod_comuna": "13132",
        "contrato": "Concesión Américo Vespucio Oriente Tramo El Salto - Príncipe de Gales",
        "tipo_peaje": "Punto de Cobro",
        "cod_region": "13",
        "cod_provincia": "131",
        "objectid": 149,
        "nom_provincia": "Santiago",
        "autopista": "Américo Vespucio Oriente",
        "fuente": "Base original de autopistas RM"
      }
    },
    {
      "geometry": {
        "type": "Point",
        "coordinates": [
          -70.59580799999007,
          -33.39081999951417
        ]
      },
      "id": 150,
      "type": "Feature",
      "properties": {
        "nom_comuna": "Vitacura",
        "tramo": "TRONCO S-N",
        "nom_region": "Metropolitana de Santiago",
        "descripcio": "P109 Pte. Centenario",
        "cod_comuna": "13132",
        "contrato": "Concesión Américo Vespucio Oriente Tramo El Salto - Príncipe de Gales",
        "tipo_peaje": "Punto de Cobro",
        "cod_region": "13",
        "cod_provincia": "131",
        "objectid": 150,
        "nom_provincia": "Santiago",
        "autopista": "Américo Vespucio Oriente",
        "fuente": "Base original de autopistas RM"
      }
    },
    {
      "geometry": {
        "type": "Point",
        "coordinates": [
          -70.60406399946785,
          -33.396009999272444
        ]
      },
      "id": 151,
      "type": "Feature",
      "properties": {
        "nom_comuna": "Vitacura",
        "tramo": "RAMAL SALIDA - MAPOCHO",
        "nom_region": "Metropolitana de Santiago",
        "descripcio": "P203 Costanera Norte Oriente",
        "cod_comuna": "13132",
        "contrato": "Concesión Américo Vespucio Oriente Tramo El Salto - Príncipe de Gales",
        "tipo_peaje": "Punto de Cobro",
        "cod_region": "13",
        "cod_provincia": "131",
        "objectid": 151,
        "nom_provincia": "Santiago",
        "autopista": "Américo Vespucio Oriente",
        "fuente": "Base original de autopistas RM"
      }
    },
    {
      "geometry": {
        "type": "Point",
        "coordinates": [
          -70.59778999993958,
          -33.39154999893843
        ]
      },
      "id": 152,
      "type": "Feature",
      "properties": {
        "nom_comuna": "Vitacura",
        "tramo": "RAMAL SALIDA - ESCRIVA DE BALAGUER",
        "nom_region": "Metropolitana de Santiago",
        "descripcio": "P212 Escrivá de Balaguer",
        "cod_comuna": "13132",
        "contrato": "Concesión Américo Vespucio Oriente Tramo El Salto - Príncipe de Gales",
        "tipo_peaje": "Punto de Cobro",
        "cod_region": "13",
        "cod_provincia": "131",
        "objectid": 152,
        "nom_provincia": "Santiago",
        "autopista": "Américo Vespucio Oriente",
        "fuente": "Base original de autopistas RM"
      }
    },
    {
      "geometry": {
        "type": "Point",
        "coordinates": [
          -70.5923990002651,
          -33.392808999370956
        ]
      },
      "id": 153,
      "type": "Feature",
      "properties": {
        "nom_comuna": "Vitacura",
        "tramo": "RAMAL SALIDA - FRANCISCO DE AGUIRRE",
        "nom_region": "Metropolitana de Santiago",
        "descripcio": "P204 C. Goyenechea",
        "cod_comuna": "13132",
        "contrato": "Concesión Américo Vespucio Oriente Tramo El Salto - Príncipe de Gales",
        "tipo_peaje": "Punto de Cobro",
        "cod_region": "13",
        "cod_provincia": "131",
        "objectid": 153,
        "nom_provincia": "Santiago",
        "autopista": "Américo Vespucio Oriente",
        "fuente": "Base original de autopistas RM"
      }
    },
    {
      "geometry": {
        "type": "Point",
        "coordinates": [
          -70.57557800034131,
          -33.425981998927426
        ]
      },
      "id": 154,
      "type": "Feature",
      "properties": {
        "nom_comuna": "Las Condes",
        "tramo": "RAMAL SALIDA - ISABEL LA CATOLICA",
        "nom_region": "Metropolitana de Santiago",
        "descripcio": "P210 Isabel la Católica",
        "cod_comuna": "13114",
        "contrato": "Concesión Américo Vespucio Oriente Tramo El Salto - Príncipe de Gales",
        "tipo_peaje": "Punto de Cobro",
        "cod_region": "13",
        "cod_provincia": "131",
        "objectid": 154,
        "nom_provincia": "Santiago",
        "autopista": "Américo Vespucio Oriente",
        "fuente": "Base original de autopistas RM"
      }
    },
    {
      "geometry": {
        "type": "Point",
        "coordinates": [
          -70.57445200053803,
          -33.432711999201935
        ]
      },
      "id": 155,
      "type": "Feature",
      "properties": {
        "nom_comuna": "La Reina",
        "tramo": "RAMAL SALIDA - LAS LUCIERNAGAS",
        "nom_region": "Metropolitana de Santiago",
        "descripcio": "P211 Tobalaba",
        "cod_comuna": "13113",
        "contrato": "Concesión Américo Vespucio Oriente Tramo El Salto - Príncipe de Gales",
        "tipo_peaje": "Punto de Cobro",
        "cod_region": "13",
        "cod_provincia": "131",
        "objectid": 155,
        "nom_provincia": "Santiago",
        "autopista": "Américo Vespucio Oriente",
        "fuente": "Base original de autopistas RM"
      }
    }
  ]
}
